USE school_lms;

SET FOREIGN_KEY_CHECKS = 0;

TRUNCATE TABLE audit_logs;
TRUNCATE TABLE zoom_settings;
TRUNCATE TABLE announcements;
TRUNCATE TABLE notifications;
TRUNCATE TABLE payments;
TRUNCATE TABLE fee_vouchers;
TRUNCATE TABLE fee_structures;
TRUNCATE TABLE live_class_attendance;
TRUNCATE TABLE live_classes;
TRUNCATE TABLE documents;
TRUNCATE TABLE exam_results;
TRUNCATE TABLE exams;
TRUNCATE TABLE quiz_results;
TRUNCATE TABLE quiz_options;
TRUNCATE TABLE quiz_questions;
TRUNCATE TABLE quizzes;
TRUNCATE TABLE assignment_submissions;
TRUNCATE TABLE assignments;
TRUNCATE TABLE attendance;
TRUNCATE TABLE timetable;
TRUNCATE TABLE lecture_slots;
TRUNCATE TABLE rooms;
TRUNCATE TABLE student_subjects;
TRUNCATE TABLE teacher_subjects;
TRUNCATE TABLE student_parents;
TRUNCATE TABLE student_enrollments;
TRUNCATE TABLE subjects;
TRUNCATE TABLE sections;
TRUNCATE TABLE classes;
TRUNCATE TABLE academic_years;
TRUNCATE TABLE parent_profiles;
TRUNCATE TABLE student_profiles;
TRUNCATE TABLE teacher_profiles;
TRUNCATE TABLE role_permissions;
TRUNCATE TABLE user_roles;
TRUNCATE TABLE permissions;
TRUNCATE TABLE roles;
TRUNCATE TABLE users;

SET FOREIGN_KEY_CHECKS = 1;

INSERT INTO users (id, first_name, last_name, email, password_hash, phone, status, last_login)
VALUES
  (1, 'Alice', 'Adams', 'user1@school.test', '$2b$10$FtnKtRLE25yAvCboW4D2z.KYoDqNHouh13jq305RhAqd4O5pOXa42', '+920000000001', 'active', '2026-06-16 08:00:00'),
  (2, 'Ben', 'Baker', 'user2@school.test', '$2b$10$FtnKtRLE25yAvCboW4D2z.KYoDqNHouh13jq305RhAqd4O5pOXa42', '+920000000002', 'active', '2026-06-16 08:10:00'),
  (3, 'Cara', 'Carter', 'user3@school.test', '$2b$10$FtnKtRLE25yAvCboW4D2z.KYoDqNHouh13jq305RhAqd4O5pOXa42', '+920000000003', 'active', '2026-06-16 08:20:00'),
  (4, 'David', 'Dawson', 'user4@school.test', '$2b$10$FtnKtRLE25yAvCboW4D2z.KYoDqNHouh13jq305RhAqd4O5pOXa42', '+920000000004', 'active', '2026-06-16 08:30:00'),
  (5, 'Eva', 'Edwards', 'user5@school.test', '$2b$10$FtnKtRLE25yAvCboW4D2z.KYoDqNHouh13jq305RhAqd4O5pOXa42', '+920000000005', 'active', '2026-06-16 08:40:00'),
  (6, 'Farah', 'Foster', 'user6@school.test', '$2b$10$FtnKtRLE25yAvCboW4D2z.KYoDqNHouh13jq305RhAqd4O5pOXa42', '+920000000006', 'active', '2026-06-16 08:50:00'),
  (7, 'Gavin', 'Grant', 'user7@school.test', '$2b$10$FtnKtRLE25yAvCboW4D2z.KYoDqNHouh13jq305RhAqd4O5pOXa42', '+920000000007', 'active', '2026-06-16 09:00:00'),
  (8, 'Hina', 'Hughes', 'user8@school.test', '$2b$10$FtnKtRLE25yAvCboW4D2z.KYoDqNHouh13jq305RhAqd4O5pOXa42', '+920000000008', 'active', '2026-06-16 09:10:00'),
  (9, 'Ibrahim', 'Irving', 'user9@school.test', '$2b$10$FtnKtRLE25yAvCboW4D2z.KYoDqNHouh13jq305RhAqd4O5pOXa42', '+920000000009', 'active', '2026-06-16 09:20:00'),
  (10, 'Jenna', 'Jones', 'user10@school.test', '$2b$10$FtnKtRLE25yAvCboW4D2z.KYoDqNHouh13jq305RhAqd4O5pOXa42', '+920000000010', 'active', '2026-06-16 09:30:00'),
  (11, 'Khalid', 'Khan', 'user11@school.test', '$2b$10$FtnKtRLE25yAvCboW4D2z.KYoDqNHouh13jq305RhAqd4O5pOXa42', '+920000000011', 'active', '2026-06-16 09:40:00'),
  (12, 'Lila', 'Lewis', 'user12@school.test', '$2b$10$FtnKtRLE25yAvCboW4D2z.KYoDqNHouh13jq305RhAqd4O5pOXa42', '+920000000012', 'active', '2026-06-16 09:50:00'),
  (13, 'Mina', 'Moore', 'user13@school.test', '$2b$10$FtnKtRLE25yAvCboW4D2z.KYoDqNHouh13jq305RhAqd4O5pOXa42', '+920000000013', 'active', '2026-06-16 10:00:00'),
  (14, 'Naveed', 'Noor', 'user14@school.test', '$2b$10$FtnKtRLE25yAvCboW4D2z.KYoDqNHouh13jq305RhAqd4O5pOXa42', '+920000000014', 'active', '2026-06-16 10:10:00'),
  (15, 'Olivia', 'Owens', 'user15@school.test', '$2b$10$FtnKtRLE25yAvCboW4D2z.KYoDqNHouh13jq305RhAqd4O5pOXa42', '+920000000015', 'active', '2026-06-16 10:20:00'),
  (16, 'Pasha', 'Patel', 'user16@school.test', '$2b$10$FtnKtRLE25yAvCboW4D2z.KYoDqNHouh13jq305RhAqd4O5pOXa42', '+920000000016', 'active', '2026-06-16 10:30:00'),
  (17, 'Qasim', 'Quinn', 'user17@school.test', '$2b$10$FtnKtRLE25yAvCboW4D2z.KYoDqNHouh13jq305RhAqd4O5pOXa42', '+920000000017', 'active', '2026-06-16 10:40:00'),
  (18, 'Rania', 'Reed', 'user18@school.test', '$2b$10$FtnKtRLE25yAvCboW4D2z.KYoDqNHouh13jq305RhAqd4O5pOXa42', '+920000000018', 'active', '2026-06-16 10:50:00'),
  (19, 'Sami', 'Scott', 'user19@school.test', '$2b$10$FtnKtRLE25yAvCboW4D2z.KYoDqNHouh13jq305RhAqd4O5pOXa42', '+920000000019', 'active', '2026-06-16 11:00:00'),
  (20, 'Tara', 'Taylor', 'user20@school.test', '$2b$10$FtnKtRLE25yAvCboW4D2z.KYoDqNHouh13jq305RhAqd4O5pOXa42', '+920000000020', 'active', '2026-06-16 11:10:00'),
  (21, 'Uma', 'Uddin', 'user21@school.test', '$2b$10$FtnKtRLE25yAvCboW4D2z.KYoDqNHouh13jq305RhAqd4O5pOXa42', '+920000000021', 'active', '2026-06-16 11:20:00'),
  (22, 'Vera', 'Vaughn', 'user22@school.test', '$2b$10$FtnKtRLE25yAvCboW4D2z.KYoDqNHouh13jq305RhAqd4O5pOXa42', '+920000000022', 'active', '2026-06-16 11:30:00'),
  (23, 'Waleed', 'Walker', 'user23@school.test', '$2b$10$FtnKtRLE25yAvCboW4D2z.KYoDqNHouh13jq305RhAqd4O5pOXa42', '+920000000023', 'active', '2026-06-16 11:40:00'),
  (24, 'Xena', 'Xavier', 'user24@school.test', '$2b$10$FtnKtRLE25yAvCboW4D2z.KYoDqNHouh13jq305RhAqd4O5pOXa42', '+920000000024', 'active', '2026-06-16 11:50:00'),
  (25, 'Yasir', 'Young', 'user25@school.test', '$2b$10$FtnKtRLE25yAvCboW4D2z.KYoDqNHouh13jq305RhAqd4O5pOXa42', '+920000000025', 'active', '2026-06-16 12:00:00'),
  (26, 'Zara', 'Zafar', 'user26@school.test', '$2b$10$FtnKtRLE25yAvCboW4D2z.KYoDqNHouh13jq305RhAqd4O5pOXa42', '+920000000026', 'active', '2026-06-16 12:10:00'),
  (27, 'Amir', 'Ahmed', 'user27@school.test', '$2b$10$FtnKtRLE25yAvCboW4D2z.KYoDqNHouh13jq305RhAqd4O5pOXa42', '+920000000027', 'active', '2026-06-16 12:20:00'),
  (28, 'Bella', 'Bennett', 'user28@school.test', '$2b$10$FtnKtRLE25yAvCboW4D2z.KYoDqNHouh13jq305RhAqd4O5pOXa42', '+920000000028', 'active', '2026-06-16 12:30:00'),
  (29, 'Cyrus', 'Cole', 'user29@school.test', '$2b$10$FtnKtRLE25yAvCboW4D2z.KYoDqNHouh13jq305RhAqd4O5pOXa42', '+920000000029', 'active', '2026-06-16 12:40:00'),
  (30, 'Dina', 'Dawson', 'user30@school.test', '$2b$10$FtnKtRLE25yAvCboW4D2z.KYoDqNHouh13jq305RhAqd4O5pOXa42', '+920000000030', 'active', '2026-06-16 12:50:00'),
  (31, 'Evan', 'Ellis', 'user31@school.test', '$2b$10$FtnKtRLE25yAvCboW4D2z.KYoDqNHouh13jq305RhAqd4O5pOXa42', '+920000000031', 'active', '2026-06-16 13:00:00'),
  (32, 'Fiona', 'Frost', 'user32@school.test', '$2b$10$FtnKtRLE25yAvCboW4D2z.KYoDqNHouh13jq305RhAqd4O5pOXa42', '+920000000032', 'active', '2026-06-16 13:10:00'),
  (33, 'Gita', 'Gomez', 'user33@school.test', '$2b$10$FtnKtRLE25yAvCboW4D2z.KYoDqNHouh13jq305RhAqd4O5pOXa42', '+920000000033', 'active', '2026-06-16 13:20:00'),
  (34, 'Haris', 'Holland', 'user34@school.test', '$2b$10$FtnKtRLE25yAvCboW4D2z.KYoDqNHouh13jq305RhAqd4O5pOXa42', '+920000000034', 'active', '2026-06-16 13:30:00'),
  (35, 'Iman', 'Ibrahim', 'user35@school.test', '$2b$10$FtnKtRLE25yAvCboW4D2z.KYoDqNHouh13jq305RhAqd4O5pOXa42', '+920000000035', 'active', '2026-06-16 13:40:00'),
  (36, 'Jamal', 'James', 'user36@school.test', '$2b$10$FtnKtRLE25yAvCboW4D2z.KYoDqNHouh13jq305RhAqd4O5pOXa42', '+920000000036', 'active', '2026-06-16 13:50:00'),
  (37, 'Kiran', 'Kaur', 'user37@school.test', '$2b$10$FtnKtRLE25yAvCboW4D2z.KYoDqNHouh13jq305RhAqd4O5pOXa42', '+920000000037', 'active', '2026-06-16 14:00:00'),
  (38, 'Liam', 'Lane', 'user38@school.test', '$2b$10$FtnKtRLE25yAvCboW4D2z.KYoDqNHouh13jq305RhAqd4O5pOXa42', '+920000000038', 'active', '2026-06-16 14:10:00'),
  (39, 'Maya', 'Morris', 'user39@school.test', '$2b$10$FtnKtRLE25yAvCboW4D2z.KYoDqNHouh13jq305RhAqd4O5pOXa42', '+920000000039', 'active', '2026-06-16 14:20:00'),
  (40, 'Nadia', 'Nash', 'user40@school.test', '$2b$10$FtnKtRLE25yAvCboW4D2z.KYoDqNHouh13jq305RhAqd4O5pOXa42', '+920000000040', 'active', '2026-06-16 14:30:00');

INSERT INTO roles (id, name, description)
VALUES
  (1, 'Admin', 'System admin role'),
  (2, 'Teacher', 'Teacher role'),
  (3, 'Student', 'Student role'),
  (4, 'Parent', 'Parent role'),
  (5, 'Support', 'Support staff role'),
  (6, 'Registrar', 'Registrar role'),
  (7, 'Accountant', 'Accounting role'),
  (8, 'Counselor', 'Counselor role'),
  (9, 'Coordinator', 'Coordinator role'),
  (10, 'Supervisor', 'Supervisor role'),
  (11, 'Assistant', 'Assistant role'),
  (12, 'Auditor', 'Auditor role'),
  (13, 'Librarian', 'Librarian role'),
  (14, 'Reception', 'Receptionist role'),
  (15, 'Sports', 'Sports role'),
  (16, 'Transport', 'Transport role'),
  (17, 'Lab', 'Laboratory role'),
  (18, 'Hostel', 'Hostel role'),
  (19, 'Nurse', 'Nurse role'),
  (20, 'IT', 'IT support role'),
  (21, 'Exam', 'Exam coordinator role'),
  (22, 'Library', 'Library coordinator role'),
  (23, 'Health', 'Health officer role'),
  (24, 'Canteen', 'Canteen role'),
  (25, 'Maintenance', 'Maintenance role'),
  (26, 'Security', 'Security role'),
  (27, 'Admissions', 'Admissions role'),
  (28, 'Events', 'Events role'),
  (29, 'Volunteer', 'Volunteer role'),
  (30, 'Activities', 'Activities role'),
  (31, 'Quality', 'Quality role'),
  (32, 'Research', 'Research role'),
  (33, 'Coaching', 'Coaching role'),
  (34, 'Examiner', 'Examiner role'),
  (35, 'Trainer', 'Trainer role'),
  (36, 'Supervisor2', 'Second supervisor role'),
  (37, 'Mentor', 'Mentor role'),
  (38, 'Planner', 'Planner role'),
  (39, 'Strategist', 'Strategist role'),
  (40, 'Officer', 'Officer role');

INSERT INTO permissions (id, name, module, description)
VALUES
  (1, 'manage_users', 'users', 'Manage user accounts'),
  (2, 'manage_roles', 'roles', 'Manage roles'),
  (3, 'manage_permissions', 'permissions', 'Manage permissions'),
  (4, 'view_dashboard', 'dashboard', 'View dashboard'),
  (5, 'manage_academics', 'academics', 'Manage academics'),
  (6, 'manage_teachers', 'teachers', 'Manage teacher records'),
  (7, 'manage_students', 'students', 'Manage student records'),
  (8, 'manage_classes', 'classes', 'Manage classes'),
  (9, 'manage_sections', 'sections', 'Manage sections'),
  (10, 'manage_subjects', 'subjects', 'Manage subjects'),
  (11, 'manage_rooms', 'rooms', 'Manage rooms'),
  (12, 'manage_timetable', 'timetable', 'Manage timetable'),
  (13, 'manage_attendance', 'attendance', 'Manage attendance'),
  (14, 'manage_assignments', 'assignments', 'Manage assignments'),
  (15, 'view_results', 'results', 'View results'),
  (16, 'manage_exams', 'exams', 'Manage exams'),
  (17, 'manage_live_classes', 'live_classes', 'Manage live classes'),
  (18, 'manage_documents', 'documents', 'Manage documents'),
  (19, 'manage_notifications', 'notifications', 'Manage notifications'),
  (20, 'manage_announcements', 'announcements', 'Manage announcements'),
  (21, 'view_reports', 'reports', 'View reports'),
  (22, 'manage_fees', 'fees', 'Manage fees'),
  (23, 'manage_payments', 'payments', 'Manage payments'),
  (24, 'manage_parents', 'parents', 'Manage parents'),
  (25, 'manage_library', 'library', 'Manage library'),
  (26, 'manage_hostel', 'hostel', 'Manage hostel'),
  (27, 'manage_sports', 'sports', 'Manage sports'),
  (28, 'manage_transport', 'transport', 'Manage transport'),
  (29, 'manage_hr', 'hr', 'Manage HR'),
  (30, 'manage_accounting', 'accounting', 'Manage accounting'),
  (31, 'manage_health', 'health', 'Manage health services'),
  (32, 'manage_admissions', 'admissions', 'Manage admissions'),
  (33, 'manage_events', 'events', 'Manage events'),
  (34, 'manage_inspection', 'inspection', 'Manage inspection'),
  (35, 'manage_elearning', 'elearning', 'Manage e-learning'),
  (36, 'manage_hosting', 'hosting', 'Manage hosting'),
  (37, 'manage_security', 'security', 'Manage security'),
  (38, 'manage_maintenance', 'maintenance', 'Manage maintenance'),
  (39, 'manage_quality', 'quality', 'Manage quality'),
  (40, 'manage_planning', 'planning', 'Manage planning');

INSERT INTO user_roles (user_id, role_id)
VALUES
  (1, 1),
  (2, 2),
  (3, 3),
  (4, 4),
  (5, 5),
  (6, 6),
  (7, 7),
  (8, 8),
  (9, 9),
  (10, 10),
  (11, 11),
  (12, 12),
  (13, 13),
  (14, 14),
  (15, 15),
  (16, 16),
  (17, 17),
  (18, 18),
  (19, 19),
  (20, 20),
  (21, 21),
  (22, 22),
  (23, 23),
  (24, 24),
  (25, 25),
  (26, 26),
  (27, 27),
  (28, 28),
  (29, 29),
  (30, 30),
  (31, 31),
  (32, 32),
  (33, 33),
  (34, 34),
  (35, 35),
  (36, 36),
  (37, 37),
  (38, 38),
  (39, 39),
  (40, 40);

INSERT INTO role_permissions (role_id, permission_id)
VALUES
  (1, 1),
  (2, 2),
  (3, 3),
  (4, 4),
  (5, 5),
  (6, 6),
  (7, 7),
  (8, 8),
  (9, 9),
  (10, 10),
  (11, 11),
  (12, 12),
  (13, 13),
  (14, 14),
  (15, 15),
  (16, 16),
  (17, 17),
  (18, 18),
  (19, 19),
  (20, 20),
  (21, 21),
  (22, 22),
  (23, 23),
  (24, 24),
  (25, 25),
  (26, 26),
  (27, 27),
  (28, 28),
  (29, 29),
  (30, 30),
  (31, 31),
  (32, 32),
  (33, 33),
  (34, 34),
  (35, 35),
  (36, 36),
  (37, 37),
  (38, 38),
  (39, 39),
  (40, 40);

INSERT INTO teacher_profiles
  (id, user_id, employee_no, designation, qualification, joining_date, address)
VALUES
  (1, 1, 'EMP-001', 'Mathematics Teacher', 'MSc Mathematics', '2023-09-01', 'Room 101'),
  (2, 2, 'EMP-002', 'Science Teacher', 'MSc Physics', '2023-09-02', 'Room 102'),
  (3, 3, 'EMP-003', 'English Teacher', 'MA English', '2023-09-03', 'Room 103'),
  (4, 4, 'EMP-004', 'History Teacher', 'MA History', '2023-09-04', 'Room 104'),
  (5, 5, 'EMP-005', 'Biology Teacher', 'MSc Biology', '2023-09-05', 'Room 105'),
  (6, 6, 'EMP-006', 'Chemistry Teacher', 'MSc Chemistry', '2023-09-06', 'Room 106'),
  (7, 7, 'EMP-007', 'Physics Teacher', 'MSc Physics', '2023-09-07', 'Room 107'),
  (8, 8, 'EMP-008', 'Geography Teacher', 'MA Geography', '2023-09-08', 'Room 108'),
  (9, 9, 'EMP-009', 'Computer Science Teacher', 'MSc IT', '2023-09-09', 'Room 109'),
  (10, 10, 'EMP-010', 'Art Teacher', 'BA Art', '2023-09-10', 'Room 110'),
  (11, 11, 'EMP-011', 'Music Teacher', 'BA Music', '2023-09-11', 'Room 111'),
  (12, 12, 'EMP-012', 'Physical Education Teacher', 'BPEd', '2023-09-12', 'Room 112'),
  (13, 13, 'EMP-013', 'Economics Teacher', 'MA Economics', '2023-09-13', 'Room 113'),
  (14, 14, 'EMP-014', 'Philosophy Teacher', 'MA Philosophy', '2023-09-14', 'Room 114'),
  (15, 15, 'EMP-015', 'Psychology Teacher', 'MA Psychology', '2023-09-15', 'Room 115'),
  (16, 16, 'EMP-016', 'Sociology Teacher', 'MA Sociology', '2023-09-16', 'Room 116'),
  (17, 17, 'EMP-017', 'Business Studies Teacher', 'MBA', '2023-09-17', 'Room 117'),
  (18, 18, 'EMP-018', 'Environmental Science Teacher', 'MSc Environment', '2023-09-18', 'Room 118'),
  (19, 19, 'EMP-019', 'Drama Teacher', 'BA Drama', '2023-09-19', 'Room 119'),
  (20, 20, 'EMP-020', 'French Teacher', 'MA French', '2023-09-20', 'Room 120'),
  (21, 21, 'EMP-021', 'Spanish Teacher', 'MA Spanish', '2023-09-21', 'Room 121'),
  (22, 22, 'EMP-022', 'German Teacher', 'MA German', '2023-09-22', 'Room 122'),
  (23, 23, 'EMP-023', 'Hindi Teacher', 'MA Hindi', '2023-09-23', 'Room 123'),
  (24, 24, 'EMP-024', 'EMP-024', 'MA Urdu', '2023-09-24', 'Room 124'),
  (25, 25, 'EMP-025', 'EMP-025', 'MEd', '2023-09-25', 'Room 125'),
  (26, 26, 'EMP-026', 'EMP-026', 'MSc Mathematics', '2023-09-26', 'Room 126'),
  (27, 27, 'EMP-027', 'EMP-027', 'MSc Chemistry', '2023-09-27', 'Room 127'),
  (28, 28, 'EMP-028', 'EMP-028', 'MA English', '2023-09-28', 'Room 128'),
  (29, 29, 'EMP-029', 'EMP-029', 'MA Geography', '2023-09-29', 'Room 129'),
  (30, 30, 'EMP-030', 'EMP-030', 'MSc Biology', '2023-09-30', 'Room 130'),
  (31, 31, 'EMP-031', 'EMP-031', 'MSc Physics', '2023-10-01', 'Room 131'),
  (32, 32, 'EMP-032', 'EMP-032', 'MA History', '2023-10-02', 'Room 132'),
  (33, 33, 'EMP-033', 'EMP-033', 'MSc IT', '2023-10-03', 'Room 133'),
  (34, 34, 'EMP-034', 'EMP-034', 'BA Art', '2023-10-04', 'Room 134'),
  (35, 35, 'EMP-035', 'EMP-035', 'BA Music', '2023-10-05', 'Room 135'),
  (36, 36, 'EMP-036', 'EMP-036', 'BPEd', '2023-10-06', 'Room 136'),
  (37, 37, 'EMP-037', 'EMP-037', 'MA Economics', '2023-10-07', 'Room 137'),
  (38, 38, 'EMP-038', 'EMP-038', 'MA Philosophy', '2023-10-08', 'Room 138'),
  (39, 39, 'EMP-039', 'EMP-039', 'MA Psychology', '2023-10-09', 'Room 139'),
  (40, 40, 'EMP-040', 'EMP-040', 'MA Sociology', '2023-10-10', 'Room 140');

INSERT INTO student_profiles
  (id, user_id, registration_no, admission_no, gender, date_of_birth, admission_date, address)
VALUES
  (1, 1, 'REG-001', 'ADM-001', 'male', '2012-01-15', '2026-01-10', 'House 1'),
  (2, 2, 'REG-002', 'ADM-002', 'female', '2012-02-16', '2026-01-11', 'House 2'),
  (3, 3, 'REG-003', 'ADM-003', 'male', '2012-03-17', '2026-01-12', 'House 3'),
  (4, 4, 'REG-004', 'ADM-004', 'female', '2012-04-18', '2026-01-13', 'House 4'),
  (5, 5, 'REG-005', 'ADM-005', 'male', '2012-05-19', '2026-01-14', 'House 5'),
  (6, 6, 'REG-006', 'ADM-006', 'female', '2012-06-20', '2026-01-15', 'House 6'),
  (7, 7, 'REG-007', 'ADM-007', 'male', '2012-07-21', '2026-01-16', 'House 7'),
  (8, 8, 'REG-008', 'ADM-008', 'female', '2012-08-22', '2026-01-17', 'House 8'),
  (9, 9, 'REG-009', 'ADM-009', 'male', '2012-09-23', '2026-01-18', 'House 9'),
  (10, 10, 'REG-010', 'ADM-010', 'female', '2012-10-24', '2026-01-19', 'House 10'),
  (11, 11, 'REG-011', 'ADM-011', 'male', '2012-11-25', '2026-01-20', 'House 11'),
  (12, 12, 'REG-012', 'ADM-012', 'female', '2012-12-26', '2026-01-21', 'House 12'),
  (13, 13, 'REG-013', 'ADM-013', 'male', '2013-01-27', '2026-01-22', 'House 13'),
  (14, 14, 'REG-014', 'ADM-014', 'female', '2013-02-28', '2026-01-23', 'House 14'),
  (15, 15, 'REG-015', 'ADM-015', 'male', '2013-03-29', '2026-01-24', 'House 15'),
  (16, 16, 'REG-016', 'ADM-016', 'female', '2013-04-30', '2026-01-25', 'House 16'),
  (17, 17, 'REG-017', 'ADM-017', 'male', '2013-05-31', '2026-01-26', 'House 17'),
  (18, 18, 'REG-018', 'ADM-018', 'female', '2013-06-30', '2026-01-27', 'House 18'),
  (19, 19, 'REG-019', 'ADM-019', 'male', '2013-07-31', '2026-01-28', 'House 19'),
  (20, 20, 'REG-020', 'ADM-020', 'female', '2013-08-01', '2026-01-29', 'House 20'),
  (21, 21, 'REG-021', 'ADM-021', 'male', '2013-09-02', '2026-01-30', 'House 21'),
  (22, 22, 'REG-022', 'ADM-022', 'female', '2013-10-03', '2026-01-31', 'House 22'),
  (23, 23, 'REG-023', 'ADM-023', 'male', '2013-11-04', '2026-02-01', 'House 23'),
  (24, 24, 'REG-024', 'ADM-024', 'female', '2013-12-05', '2026-02-02', 'House 24'),
  (25, 25, 'REG-025', 'ADM-025', 'male', '2014-01-06', '2026-02-03', 'House 25'),
  (26, 26, 'REG-026', 'ADM-026', 'female', '2014-02-07', '2026-02-04', 'House 26'),
  (27, 27, 'REG-027', 'ADM-027', 'male', '2014-03-08', '2026-02-05', 'House 27'),
  (28, 28, 'REG-028', 'ADM-028', 'female', '2014-04-09', '2026-02-06', 'House 28'),
  (29, 29, 'REG-029', 'ADM-029', 'male', '2014-05-10', '2026-02-07', 'House 29'),
  (30, 30, 'REG-030', 'ADM-030', 'female', '2014-06-11', '2026-02-08', 'House 30'),
  (31, 31, 'REG-031', 'ADM-031', 'male', '2014-07-12', '2026-02-09', 'House 31'),
  (32, 32, 'REG-032', 'ADM-032', 'female', '2014-08-13', '2026-02-10', 'House 32'),
  (33, 33, 'REG-033', 'ADM-033', 'male', '2014-09-14', '2026-02-11', 'House 33'),
  (34, 34, 'REG-034', 'ADM-034', 'female', '2014-10-15', '2026-02-12', 'House 34'),
  (35, 35, 'REG-035', 'ADM-035', 'male', '2014-11-16', '2026-02-13', 'House 35'),
  (36, 36, 'REG-036', 'ADM-036', 'female', '2014-12-17', '2026-02-14', 'House 36'),
  (37, 37, 'REG-037', 'ADM-037', 'male', '2015-01-18', '2026-02-15', 'House 37'),
  (38, 38, 'REG-038', 'ADM-038', 'female', '2015-02-19', '2026-02-16', 'House 38'),
  (39, 39, 'REG-039', 'ADM-039', 'male', '2015-03-20', '2026-02-17', 'House 39'),
  (40, 40, 'REG-040', 'ADM-040', 'female', '2015-04-21', '2026-02-18', 'House 40');

INSERT INTO parent_profiles
  (id, user_id, occupation, address)
VALUES
  (1, 1, 'Engineer', 'Parent House 1'),
  (2, 2, 'Doctor', 'Parent House 2'),
  (3, 3, 'Lawyer', 'Parent House 3'),
  (4, 4, 'Teacher', 'Parent House 4'),
  (5, 5, 'Designer', 'Parent House 5'),
  (6, 6, 'Chef', 'Parent House 6'),
  (7, 7, 'Driver', 'Parent House 7'),
  (8, 8, 'Manager', 'Parent House 8'),
  (9, 9, 'Consultant', 'Parent House 9'),
  (10, 10, 'Nurse', 'Parent House 10'),
  (11, 11, 'Artist', 'Parent House 11'),
  (12, 12, 'Farmer', 'Parent House 12'),
  (13, 13, 'Architect', 'Parent House 13'),
  (14, 14, 'Pilot', 'Parent House 14'),
  (15, 15, 'Banker', 'Parent House 15'),
  (16, 16, 'Scientist', 'Parent House 16'),
  (17, 17, 'Pharmacist', 'Parent House 17'),
  (18, 18, 'Writer', 'Parent House 18'),
  (19, 19, 'Photographer', 'Parent House 19'),
  (20, 20, 'Athlete', 'Parent House 20'),
  (21, 21, 'Entrepreneur', 'Parent House 21'),
  (22, 22, 'Editor', 'Parent House 22'),
  (23, 23, 'Analyst', 'Parent House 23'),
  (24, 24, 'Counselor', 'Parent House 24'),
  (25, 25, 'Planner', 'Parent House 25'),
  (26, 26, 'Technician', 'Parent House 26'),
  (27, 27, 'Electrician', 'Parent House 27'),
  (28, 28, 'Mechanic', 'Parent House 28'),
  (29, 29, 'Carpenter', 'Parent House 29'),
  (30, 30, 'Tailor', 'Parent House 30'),
  (31, 31, 'Dentist', 'Parent House 31'),
  (32, 32, 'Consultant', 'Parent House 32'),
  (33, 33, 'Planner', 'Parent House 33'),
  (34, 34, 'Designer', 'Parent House 34'),
  (35, 35, 'Coach', 'Parent House 35'),
  (36, 36, 'Developer', 'Parent House 36'),
  (37, 37, 'Editor', 'Parent House 37'),
  (38, 38, 'Manager', 'Parent House 38'),
  (39, 39, 'Writer', 'Parent House 39'),
  (40, 40, 'Adviser', 'Parent House 40');

INSERT INTO academic_years (id, title, start_date, end_date, is_active)
VALUES
  (1, '2026-2027', '2026-04-01', '2027-03-31', true),
  (2, '2027-2028', '2027-04-01', '2028-03-31', false),
  (3, '2028-2029', '2028-04-01', '2029-03-31', false),
  (4, '2029-2030', '2029-04-01', '2030-03-31', false),
  (5, '2030-2031', '2030-04-01', '2031-03-31', false),
  (6, '2031-2032', '2031-04-01', '2032-03-31', false),
  (7, '2032-2033', '2032-04-01', '2033-03-31', false),
  (8, '2033-2034', '2033-04-01', '2034-03-31', false),
  (9, '2034-2035', '2034-04-01', '2035-03-31', false),
  (10, '2035-2036', '2035-04-01', '2036-03-31', false),
  (11, '2036-2037', '2036-04-01', '2037-03-31', false),
  (12, '2037-2038', '2037-04-01', '2038-03-31', false),
  (13, '2038-2039', '2038-04-01', '2039-03-31', false),
  (14, '2039-2040', '2039-04-01', '2040-03-31', false),
  (15, '2040-2041', '2040-04-01', '2041-03-31', false),
  (16, '2041-2042', '2041-04-01', '2042-03-31', false),
  (17, '2042-2043', '2042-04-01', '2043-03-31', false),
  (18, '2043-2044', '2043-04-01', '2044-03-31', false),
  (19, '2044-2045', '2044-04-01', '2045-03-31', false),
  (20, '2045-2046', '2045-04-01', '2046-03-31', false),
  (21, '2046-2047', '2046-04-01', '2047-03-31', false),
  (22, '2047-2048', '2047-04-01', '2048-03-31', false),
  (23, '2048-2049', '2048-04-01', '2049-03-31', false),
  (24, '2049-2050', '2049-04-01', '2050-03-31', false),
  (25, '2050-2051', '2050-04-01', '2051-03-31', false),
  (26, '2051-2052', '2051-04-01', '2052-03-31', false),
  (27, '2052-2053', '2052-04-01', '2053-03-31', false),
  (28, '2053-2054', '2053-04-01', '2054-03-31', false),
  (29, '2054-2055', '2054-04-01', '2055-03-31', false),
  (30, '2055-2056', '2055-04-01', '2056-03-31', false),
  (31, '2056-2057', '2056-04-01', '2057-03-31', false),
  (32, '2057-2058', '2057-04-01', '2058-03-31', false),
  (33, '2058-2059', '2058-04-01', '2059-03-31', false),
  (34, '2059-2060', '2059-04-01', '2060-03-31', false),
  (35, '2060-2061', '2060-04-01', '2061-03-31', false),
  (36, '2061-2062', '2061-04-01', '2062-03-31', false),
  (37, '2062-2063', '2062-04-01', '2063-03-31', false),
  (38, '2063-2064', '2063-04-01', '2064-03-31', false),
  (39, '2064-2065', '2064-04-01', '2065-03-31', false),
  (40, '2065-2066', '2065-04-01', '2066-03-31', false);

INSERT INTO classes (id, academic_year_id, name, description)
VALUES
  (1, 1, 'Grade 1', 'Primary grade 1'),
  (2, 2, 'Grade 2', 'Primary grade 2'),
  (3, 3, 'Grade 3', 'Primary grade 3'),
  (4, 4, 'Grade 4', 'Primary grade 4'),
  (5, 5, 'Grade 5', 'Primary grade 5'),
  (6, 6, 'Grade 6', 'Primary grade 6'),
  (7, 7, 'Grade 7', 'Primary grade 7'),
  (8, 8, 'Grade 8', 'Primary grade 8'),
  (9, 9, 'Grade 9', 'Secondary grade 9'),
  (10, 10, 'Grade 10', 'Secondary grade 10'),
  (11, 11, 'Grade 11', 'Higher grade 11'),
  (12, 12, 'Grade 12', 'Higher grade 12'),
  (13, 13, 'Grade 13', 'Higher grade 13'),
  (14, 14, 'Grade 14', 'Higher grade 14'),
  (15, 15, 'Grade 15', 'Higher grade 15'),
  (16, 16, 'Grade 16', 'Higher grade 16'),
  (17, 17, 'Grade 17', 'Higher grade 17'),
  (18, 18, 'Grade 18', 'Higher grade 18'),
  (19, 19, 'Grade 19', 'Higher grade 19'),
  (20, 20, 'Grade 20', 'Higher grade 20'),
  (21, 21, 'Grade 21', 'Higher grade 21'),
  (22, 22, 'Grade 22', 'Higher grade 22'),
  (23, 23, 'Grade 23', 'Higher grade 23'),
  (24, 24, 'Grade 24', 'Higher grade 24'),
  (25, 25, 'Grade 25', 'Higher grade 25'),
  (26, 26, 'Grade 26', 'Higher grade 26'),
  (27, 27, 'Grade 27', 'Higher grade 27'),
  (28, 28, 'Grade 28', 'Higher grade 28'),
  (29, 29, 'Grade 29', 'Higher grade 29'),
  (30, 30, 'Grade 30', 'Higher grade 30'),
  (31, 31, 'Grade 31', 'Higher grade 31'),
  (32, 32, 'Grade 32', 'Higher grade 32'),
  (33, 33, 'Grade 33', 'Higher grade 33'),
  (34, 34, 'Grade 34', 'Higher grade 34'),
  (35, 35, 'Grade 35', 'Higher grade 35'),
  (36, 36, 'Grade 36', 'Higher grade 36'),
  (37, 37, 'Grade 37', 'Higher grade 37'),
  (38, 38, 'Grade 38', 'Higher grade 38'),
  (39, 39, 'Grade 39', 'Higher grade 39'),
  (40, 40, 'Grade 40', 'Higher grade 40');

INSERT INTO sections (id, class_id, name, capacity)
VALUES
  (1, 1, 'A', 30),
  (2, 2, 'A', 30),
  (3, 3, 'A', 30),
  (4, 4, 'A', 30),
  (5, 5, 'A', 30),
  (6, 6, 'A', 30),
  (7, 7, 'A', 30),
  (8, 8, 'A', 30),
  (9, 9, 'A', 30),
  (10, 10, 'A', 30),
  (11, 11, 'A', 30),
  (12, 12, 'A', 30),
  (13, 13, 'A', 30),
  (14, 14, 'A', 30),
  (15, 15, 'A', 30),
  (16, 16, 'A', 30),
  (17, 17, 'A', 30),
  (18, 18, 'A', 30),
  (19, 19, 'A', 30),
  (20, 20, 'A', 30),
  (21, 21, 'A', 30),
  (22, 22, 'A', 30),
  (23, 23, 'A', 30),
  (24, 24, 'A', 30),
  (25, 25, 'A', 30),
  (26, 26, 'A', 30),
  (27, 27, 'A', 30),
  (28, 28, 'A', 30),
  (29, 29, 'A', 30),
  (30, 30, 'A', 30),
  (31, 31, 'A', 30),
  (32, 32, 'A', 30),
  (33, 33, 'A', 30),
  (34, 34, 'A', 30),
  (35, 35, 'A', 30),
  (36, 36, 'A', 30),
  (37, 37, 'A', 30),
  (38, 38, 'A', 30),
  (39, 39, 'A', 30),
  (40, 40, 'A', 30);

INSERT INTO subjects (id, code, name, description, total_marks, passing_marks)
VALUES
  (1, 'SUBJ-001', 'Mathematics', 'Mathematics subject', 100.00, 40.00),
  (2, 'SUBJ-002', 'Science', 'Science subject', 100.00, 40.00),
  (3, 'SUBJ-003', 'English', 'English subject', 100.00, 40.00),
  (4, 'SUBJ-004', 'History', 'History subject', 100.00, 40.00),
  (5, 'SUBJ-005', 'Biology', 'Biology subject', 100.00, 40.00),
  (6, 'SUBJ-006', 'Chemistry', 'Chemistry subject', 100.00, 40.00),
  (7, 'SUBJ-007', 'Physics', 'Physics subject', 100.00, 40.00),
  (8, 'SUBJ-008', 'Geography', 'Geography subject', 100.00, 40.00),
  (9, 'SUBJ-009', 'Computer Science', 'Computer Science subject', 100.00, 40.00),
  (10, 'SUBJ-010', 'Art', 'Art subject', 100.00, 40.00),
  (11, 'SUBJ-011', 'Music', 'Music subject', 100.00, 40.00),
  (12, 'SUBJ-012', 'Physical Education', 'Physical Education subject', 100.00, 40.00),
  (13, 'SUBJ-013', 'Economics', 'Economics subject', 100.00, 40.00),
  (14, 'SUBJ-014', 'Philosophy', 'Philosophy subject', 100.00, 40.00),
  (15, 'SUBJ-015', 'Psychology', 'Psychology subject', 100.00, 40.00),
  (16, 'SUBJ-016', 'Sociology', 'Sociology subject', 100.00, 40.00),
  (17, 'SUBJ-017', 'Business Studies', 'Business Studies subject', 100.00, 40.00),
  (18, 'SUBJ-018', 'Environmental Science', 'Environmental Science subject', 100.00, 40.00),
  (19, 'SUBJ-019', 'Drama', 'Drama subject', 100.00, 40.00),
  (20, 'SUBJ-020', 'French', 'French subject', 100.00, 40.00),
  (21, 'SUBJ-021', 'Spanish', 'Spanish subject', 100.00, 40.00),
  (22, 'SUBJ-022', 'German', 'German subject', 100.00, 40.00),
  (23, 'SUBJ-023', 'Hindi', 'Hindi subject', 100.00, 40.00),
  (24, 'SUBJ-024', 'Urdu', 'Urdu subject', 100.00, 40.00),
  (25, 'SUBJ-025', 'Computer Applications', 'Computer Applications subject', 100.00, 40.00),
  (26, 'SUBJ-026', 'Statistics', 'Statistics subject', 100.00, 40.00),
  (27, 'SUBJ-027', 'Geology', 'Geology subject', 100.00, 40.00),
  (28, 'SUBJ-028', 'Astronomy', 'Astronomy subject', 100.00, 40.00),
  (29, 'SUBJ-029', 'Psychology 2', 'Psychology 2 subject', 100.00, 40.00),
  (30, 'SUBJ-030', 'Modern Studies', 'Modern Studies subject', 100.00, 40.00),
  (31, 'SUBJ-031', 'Media Studies', 'Media Studies subject', 100.00, 40.00),
  (32, 'SUBJ-032', 'Business Ethics', 'Business Ethics subject', 100.00, 40.00),
  (33, 'SUBJ-033', 'Humanities', 'Humanities subject', 100.00, 40.00),
  (34, 'SUBJ-034', 'Art History', 'Art History subject', 100.00, 40.00),
  (35, 'SUBJ-035', 'Psychology 3', 'Psychology 3 subject', 100.00, 40.00),
  (36, 'SUBJ-036', 'Statistics 2', 'Statistics 2 subject', 100.00, 40.00),
  (37, 'SUBJ-037', 'Design', 'Design subject', 100.00, 40.00),
  (38, 'SUBJ-038', 'Engineering', 'Engineering subject', 100.00, 40.00),
  (39, 'SUBJ-039', 'Entrepreneurship', 'Entrepreneurship subject', 100.00, 40.00),
  (40, 'SUBJ-040', 'Computer Engineering', 'Computer Engineering subject', 100.00, 40.00);

INSERT INTO student_enrollments (id, student_id, section_id, enrollment_date, status)
VALUES
  (1, 1, 1, '2026-04-01', 'active'),
  (2, 2, 2, '2026-04-02', 'active'),
  (3, 3, 3, '2026-04-03', 'active'),
  (4, 4, 4, '2026-04-04', 'active'),
  (5, 5, 5, '2026-04-05', 'active'),
  (6, 6, 6, '2026-04-06', 'active'),
  (7, 7, 7, '2026-04-07', 'active'),
  (8, 8, 8, '2026-04-08', 'active'),
  (9, 9, 9, '2026-04-09', 'active'),
  (10, 10, 10, '2026-04-10', 'active'),
  (11, 11, 11, '2026-04-11', 'active'),
  (12, 12, 12, '2026-04-12', 'active'),
  (13, 13, 13, '2026-04-13', 'active'),
  (14, 14, 14, '2026-04-14', 'active'),
  (15, 15, 15, '2026-04-15', 'active'),
  (16, 16, 16, '2026-04-16', 'active'),
  (17, 17, 17, '2026-04-17', 'active'),
  (18, 18, 18, '2026-04-18', 'active'),
  (19, 19, 19, '2026-04-19', 'active'),
  (20, 20, 20, '2026-04-20', 'active'),
  (21, 21, 21, '2026-04-21', 'active'),
  (22, 22, 22, '2026-04-22', 'active'),
  (23, 23, 23, '2026-04-23', 'active'),
  (24, 24, 24, '2026-04-24', 'active'),
  (25, 25, 25, '2026-04-25', 'active'),
  (26, 26, 26, '2026-04-26', 'active'),
  (27, 27, 27, '2026-04-27', 'active'),
  (28, 28, 28, '2026-04-28', 'active'),
  (29, 29, 29, '2026-04-29', 'active'),
  (30, 30, 30, '2026-04-30', 'active'),
  (31, 31, 31, '2026-05-01', 'active'),
  (32, 32, 32, '2026-05-02', 'active'),
  (33, 33, 33, '2026-05-03', 'active'),
  (34, 34, 34, '2026-05-04', 'active'),
  (35, 35, 35, '2026-05-05', 'active'),
  (36, 36, 36, '2026-05-06', 'active'),
  (37, 37, 37, '2026-05-07', 'active'),
  (38, 38, 38, '2026-05-08', 'active'),
  (39, 39, 39, '2026-05-09', 'active'),
  (40, 40, 40, '2026-05-10', 'active');

INSERT INTO student_parents (student_id, parent_id, relationship)
VALUES
  (1, 2, 'Mother'),
  (2, 3, 'Father'),
  (3, 4, 'Mother'),
  (4, 5, 'Father'),
  (5, 6, 'Mother'),
  (6, 7, 'Father'),
  (7, 8, 'Mother'),
  (8, 9, 'Father'),
  (9, 10, 'Mother'),
  (10, 11, 'Father'),
  (11, 12, 'Mother'),
  (12, 13, 'Father'),
  (13, 14, 'Mother'),
  (14, 15, 'Father'),
  (15, 16, 'Mother'),
  (16, 17, 'Father'),
  (17, 18, 'Mother'),
  (18, 19, 'Father'),
  (19, 20, 'Mother'),
  (20, 21, 'Father'),
  (21, 22, 'Mother'),
  (22, 23, 'Father'),
  (23, 24, 'Mother'),
  (24, 25, 'Father'),
  (25, 26, 'Mother'),
  (26, 27, 'Father'),
  (27, 28, 'Mother'),
  (28, 29, 'Father'),
  (29, 30, 'Mother'),
  (30, 31, 'Father'),
  (31, 32, 'Mother'),
  (32, 33, 'Father'),
  (33, 34, 'Mother'),
  (34, 35, 'Father'),
  (35, 36, 'Mother'),
  (36, 37, 'Father'),
  (37, 38, 'Mother'),
  (38, 39, 'Father'),
  (39, 40, 'Mother'),
  (40, 1, 'Father');

INSERT INTO teacher_subjects (teacher_id, subject_id, section_id)
VALUES
  (1, 1, 1),
  (2, 2, 2),
  (3, 3, 3),
  (4, 4, 4),
  (5, 5, 5),
  (6, 6, 6),
  (7, 7, 7),
  (8, 8, 8),
  (9, 9, 9),
  (10, 10, 10),
  (11, 11, 11),
  (12, 12, 12),
  (13, 13, 13),
  (14, 14, 14),
  (15, 15, 15),
  (16, 16, 16),
  (17, 17, 17),
  (18, 18, 18),
  (19, 19, 19),
  (20, 20, 20),
  (21, 21, 21),
  (22, 22, 22),
  (23, 23, 23),
  (24, 24, 24),
  (25, 25, 25),
  (26, 26, 26),
  (27, 27, 27),
  (28, 28, 28),
  (29, 29, 29),
  (30, 30, 30),
  (31, 31, 31),
  (32, 32, 32),
  (33, 33, 33),
  (34, 34, 34),
  (35, 35, 35),
  (36, 36, 36),
  (37, 37, 37),
  (38, 38, 38),
  (39, 39, 39),
  (40, 40, 40);

INSERT INTO student_subjects (student_id, subject_id, section_id)
VALUES
  (1, 1, 1),
  (2, 2, 2),
  (3, 3, 3),
  (4, 4, 4),
  (5, 5, 5),
  (6, 6, 6),
  (7, 7, 7),
  (8, 8, 8),
  (9, 9, 9),
  (10, 10, 10),
  (11, 11, 11),
  (12, 12, 12),
  (13, 13, 13),
  (14, 14, 14),
  (15, 15, 15),
  (16, 16, 16),
  (17, 17, 17),
  (18, 18, 18),
  (19, 19, 19),
  (20, 20, 20),
  (21, 21, 21),
  (22, 22, 22),
  (23, 23, 23),
  (24, 24, 24),
  (25, 25, 25),
  (26, 26, 26),
  (27, 27, 27),
  (28, 28, 28),
  (29, 29, 29),
  (30, 30, 30),
  (31, 31, 31),
  (32, 32, 32),
  (33, 33, 33),
  (34, 34, 34),
  (35, 35, 35),
  (36, 36, 36),
  (37, 37, 37),
  (38, 38, 38),
  (39, 39, 39),
  (40, 40, 40);

INSERT INTO rooms (id, room_no, room_name, building, capacity)
VALUES
  (1, 'R-101', 'Room 101', 'Building A', 30),
  (2, 'R-102', 'Room 102', 'Building A', 30),
  (3, 'R-103', 'Room 103', 'Building A', 30),
  (4, 'R-104', 'Room 104', 'Building A', 30),
  (5, 'R-105', 'Room 105', 'Building A', 30),
  (6, 'R-106', 'Room 106', 'Building A', 30),
  (7, 'R-107', 'Room 107', 'Building A', 30),
  (8, 'R-108', 'Room 108', 'Building A', 30),
  (9, 'R-109', 'Room 109', 'Building B', 30),
  (10, 'R-110', 'Room 110', 'Building B', 30),
  (11, 'R-111', 'Room 111', 'Building B', 30),
  (12, 'R-112', 'Room 112', 'Building B', 30),
  (13, 'R-113', 'Room 113', 'Building B', 30),
  (14, 'R-114', 'Room 114', 'Building B', 30),
  (15, 'R-115', 'Room 115', 'Building B', 30),
  (16, 'R-116', 'Room 116', 'Building B', 30),
  (17, 'R-117', 'Room 117', 'Building C', 30),
  (18, 'R-118', 'Room 118', 'Building C', 30),
  (19, 'R-119', 'Room 119', 'Building C', 30),
  (20, 'R-120', 'Room 120', 'Building C', 30),
  (21, 'R-121', 'Room 121', 'Building C', 30),
  (22, 'R-122', 'Room 122', 'Building C', 30),
  (23, 'R-123', 'Room 123', 'Building C', 30),
  (24, 'R-124', 'Room 124', 'Building C', 30),
  (25, 'R-125', 'Room 125', 'Building D', 30),
  (26, 'R-126', 'Room 126', 'Building D', 30),
  (27, 'R-127', 'Room 127', 'Building D', 30),
  (28, 'R-128', 'Room 128', 'Building D', 30),
  (29, 'R-129', 'Room 129', 'Building D', 30),
  (30, 'R-130', 'Room 130', 'Building D', 30),
  (31, 'R-131', 'Room 131', 'Building D', 30),
  (32, 'R-132', 'Room 132', 'Building D', 30),
  (33, 'R-133', 'Room 133', 'Building E', 30),
  (34, 'R-134', 'Room 134', 'Building E', 30),
  (35, 'R-135', 'Room 135', 'Building E', 30),
  (36, 'R-136', 'Room 136', 'Building E', 30),
  (37, 'R-137', 'Room 137', 'Building E', 30),
  (38, 'R-138', 'Room 138', 'Building E', 30),
  (39, 'R-139', 'Room 139', 'Building E', 30),
  (40, 'R-140', 'Room 140', 'Building E', 30);

INSERT INTO lecture_slots (id, title, start_time, end_time)
VALUES
  (1, 'Slot 1', '08:00:00', '08:45:00'),
  (2, 'Slot 2', '08:50:00', '09:35:00'),
  (3, 'Slot 3', '09:40:00', '10:25:00'),
  (4, 'Slot 4', '10:30:00', '11:15:00'),
  (5, 'Slot 5', '11:20:00', '12:05:00'),
  (6, 'Slot 6', '12:10:00', '12:55:00'),
  (7, 'Slot 7', '13:00:00', '13:45:00'),
  (8, 'Slot 8', '13:50:00', '14:35:00'),
  (9, 'Slot 9', '14:40:00', '15:25:00'),
  (10, 'Slot 10', '15:30:00', '16:15:00'),
  (11, 'Slot 11', '16:20:00', '17:05:00'),
  (12, 'Slot 12', '17:10:00', '17:55:00'),
  (13, 'Slot 13', '18:00:00', '18:45:00'),
  (14, 'Slot 14', '18:50:00', '19:35:00'),
  (15, 'Slot 15', '07:00:00', '07:45:00'),
  (16, 'Slot 16', '07:50:00', '08:35:00'),
  (17, 'Slot 17', '08:40:00', '09:25:00'),
  (18, 'Slot 18', '09:30:00', '10:15:00'),
  (19, 'Slot 19', '10:20:00', '11:05:00'),
  (20, 'Slot 20', '11:10:00', '11:55:00'),
  (21, 'Slot 21', '12:00:00', '12:45:00'),
  (22, 'Slot 22', '12:50:00', '13:35:00'),
  (23, 'Slot 23', '13:40:00', '14:25:00'),
  (24, 'Slot 24', '14:30:00', '15:15:00'),
  (25, 'Slot 25', '15:20:00', '16:05:00'),
  (26, 'Slot 26', '16:10:00', '16:55:00'),
  (27, 'Slot 27', '17:00:00', '17:45:00'),
  (28, 'Slot 28', '17:50:00', '18:35:00'),
  (29, 'Slot 29', '18:40:00', '19:25:00'),
  (30, 'Slot 30', '19:30:00', '20:15:00'),
  (31, 'Slot 31', '20:20:00', '21:05:00'),
  (32, 'Slot 32', '21:10:00', '21:55:00'),
  (33, 'Slot 33', '22:00:00', '22:45:00'),
  (34, 'Slot 34', '22:50:00', '23:35:00'),
  (35, 'Slot 35', '06:00:00', '06:45:00'),
  (36, 'Slot 36', '06:50:00', '07:35:00'),
  (37, 'Slot 37', '07:40:00', '08:25:00'),
  (38, 'Slot 38', '08:30:00', '09:15:00'),
  (39, 'Slot 39', '09:20:00', '10:05:00'),
  (40, 'Slot 40', '10:10:00', '10:55:00');

INSERT INTO timetable (id, section_id, subject_id, teacher_id, room_id, lecture_slot_id, day_of_week)
VALUES
  (1, 1, 1, 1, 1, 1, 1),
  (2, 2, 2, 2, 2, 2, 2),
  (3, 3, 3, 3, 3, 3, 3),
  (4, 4, 4, 4, 4, 4, 4),
  (5, 5, 5, 5, 5, 5, 5),
  (6, 6, 6, 6, 6, 6, 6),
  (7, 7, 7, 7, 7, 7, 7),
  (8, 8, 8, 8, 8, 8, 1),
  (9, 9, 9, 9, 9, 9, 2),
  (10, 10, 10, 10, 10, 10, 3),
  (11, 11, 11, 11, 11, 11, 4),
  (12, 12, 12, 12, 12, 12, 5),
  (13, 13, 13, 13, 13, 13, 6),
  (14, 14, 14, 14, 14, 14, 7),
  (15, 15, 15, 15, 15, 15, 1),
  (16, 16, 16, 16, 16, 16, 2),
  (17, 17, 17, 17, 17, 17, 3),
  (18, 18, 18, 18, 18, 18, 4),
  (19, 19, 19, 19, 19, 19, 5),
  (20, 20, 20, 20, 20, 20, 6),
  (21, 21, 21, 21, 21, 21, 7),
  (22, 22, 22, 22, 22, 22, 1),
  (23, 23, 23, 23, 23, 23, 2),
  (24, 24, 24, 24, 24, 24, 3),
  (25, 25, 25, 25, 25, 25, 4),
  (26, 26, 26, 26, 26, 26, 5),
  (27, 27, 27, 27, 27, 27, 6),
  (28, 28, 28, 28, 28, 28, 7),
  (29, 29, 29, 29, 29, 29, 1),
  (30, 30, 30, 30, 30, 30, 2),
  (31, 31, 31, 31, 31, 31, 3),
  (32, 32, 32, 32, 32, 32, 4),
  (33, 33, 33, 33, 33, 33, 5),
  (34, 34, 34, 34, 34, 34, 6),
  (35, 35, 35, 35, 35, 35, 7),
  (36, 36, 36, 36, 36, 36, 1),
  (37, 37, 37, 37, 37, 37, 2),
  (38, 38, 38, 38, 38, 38, 3),
  (39, 39, 39, 39, 39, 39, 4),
  (40, 40, 40, 40, 40, 40, 5);

INSERT INTO attendance (id, student_id, subject_id, teacher_id, attendance_date, status, remarks)
VALUES
  (1, 1, 1, 1, '2026-06-01', 'present', 'Present'),
  (2, 2, 2, 2, '2026-06-02', 'absent', 'Absent'),
  (3, 3, 3, 3, '2026-06-03', 'late', 'Late arrival'),
  (4, 4, 4, 4, '2026-06-04', 'excused', 'Excused'),
  (5, 5, 5, 5, '2026-06-05', 'present', 'Present'),
  (6, 6, 6, 6, '2026-06-06', 'present', 'Present'),
  (7, 7, 7, 7, '2026-06-07', 'absent', 'Sick'),
  (8, 8, 8, 8, '2026-06-08', 'present', 'Present'),
  (9, 9, 9, 9, '2026-06-09', 'late', 'Traffic'),
  (10, 10, 10, 10, '2026-06-10', 'present', 'Present'),
  (11, 11, 11, 11, '2026-06-11', 'present', 'Present'),
  (12, 12, 12, 12, '2026-06-12', 'absent', 'Family'),
  (13, 13, 13, 13, '2026-06-13', 'present', 'Present'),
  (14, 14, 14, 14, '2026-06-14', 'excused', 'Medical'),
  (15, 15, 15, 15, '2026-06-15', 'present', 'Present'),
  (16, 16, 16, 16, '2026-06-16', 'late', 'Traffic'),
  (17, 17, 17, 17, '2026-06-17', 'present', 'Present'),
  (18, 18, 18, 18, '2026-06-18', 'present', 'Present'),
  (19, 19, 19, 19, '2026-06-19', 'absent', 'Family'),
  (20, 20, 20, 20, '2026-06-20', 'present', 'Present'),
  (21, 21, 21, 21, '2026-06-21', 'present', 'Present'),
  (22, 22, 22, 22, '2026-06-22', 'late', 'Late'),
  (23, 23, 23, 23, '2026-06-23', 'present', 'Present'),
  (24, 24, 24, 24, '2026-06-24', 'present', 'Present'),
  (25, 25, 25, 25, '2026-06-25', 'absent', 'Trip'),
  (26, 26, 26, 26, '2026-06-26', 'present', 'Present'),
  (27, 27, 27, 27, '2026-06-27', 'present', 'Present'),
  (28, 28, 28, 28, '2026-06-28', 'late', 'Traffic'),
  (29, 29, 29, 29, '2026-06-29', 'present', 'Present'),
  (30, 30, 30, 30, '2026-06-30', 'present', 'Present'),
  (31, 31, 31, 31, '2026-07-01', 'present', 'Present'),
  (32, 32, 32, 32, '2026-07-02', 'absent', 'Appointment'),
  (33, 33, 33, 33, '2026-07-03', 'present', 'Present'),
  (34, 34, 34, 34, '2026-07-04', 'present', 'Present'),
  (35, 35, 35, 35, '2026-07-05', 'present', 'Present'),
  (36, 36, 36, 36, '2026-07-06', 'late', 'Traffic'),
  (37, 37, 37, 37, '2026-07-07', 'present', 'Present'),
  (38, 38, 38, 38, '2026-07-08', 'absent', 'Sick'),
  (39, 39, 39, 39, '2026-07-09', 'present', 'Present'),
  (40, 40, 40, 40, '2026-07-10', 'present', 'Present');

INSERT INTO assignments (id, subject_id, teacher_id, title, description, total_marks, due_date, attachment_url)
VALUES
  (1, 1, 1, 'Algebra Worksheet', 'Complete algebra questions 1-10.', 20.00, '2026-07-15 23:59:00', NULL),
  (2, 2, 2, 'Science Lab', 'Write a lab report on plant cells.', 25.00, '2026-07-16 23:59:00', NULL),
  (3, 3, 3, 'Essay Writing', 'Write a short essay on reading habits.', 15.00, '2026-07-17 23:59:00', NULL),
  (4, 4, 4, 'History Project', 'Prepare a timeline of ancient history.', 30.00, '2026-07-18 23:59:00', NULL),
  (5, 5, 5, 'Biology Summary', 'Describe the food chain.', 20.00, '2026-07-19 23:59:00', NULL),
  (6, 6, 6, 'Chemistry Exercise', 'Balance the chemical equations.', 20.00, '2026-07-20 23:59:00', NULL),
  (7, 7, 7, 'Physics Report', 'Explain Newton’s laws.', 25.00, '2026-07-21 23:59:00', NULL),
  (8, 8, 8, 'Geography Research', 'Report on local climate.', 20.00, '2026-07-22 23:59:00', NULL),
  (9, 9, 9, 'Computer Lab', 'Submit program source.', 30.00, '2026-07-23 23:59:00', NULL),
  (10, 10, 10, 'Art Sketch', 'Create two sketches.', 20.00, '2026-07-24 23:59:00', NULL),
  (11, 11, 11, 'Music Sheet', 'Compose a short melody.', 15.00, '2026-07-25 23:59:00', NULL),
  (12, 12, 12, 'PE Plan', 'Design a warm-up routine.', 10.00, '2026-07-26 23:59:00', NULL),
  (13, 13, 13, 'Economics Essay', 'Explain supply and demand.', 25.00, '2026-07-27 23:59:00', NULL),
  (14, 14, 14, 'Philosophy Notes', 'Define ethics and morality.', 20.00, '2026-07-28 23:59:00', NULL),
  (15, 15, 15, 'Psychology Paper', 'Describe memory processes.', 25.00, '2026-07-29 23:59:00', NULL),
  (16, 16, 16, 'Sociology Case', 'Discuss community roles.', 20.00, '2026-07-30 23:59:00', NULL),
  (17, 17, 17, 'Business Plan', 'Outline a startup idea.', 30.00, '2026-07-31 23:59:00', NULL),
  (18, 18, 18, 'Environment Report', 'Describe climate change effects.', 25.00, '2026-08-01 23:59:00', NULL),
  (19, 19, 19, 'Drama Script', 'Write a short drama scene.', 20.00, '2026-08-02 23:59:00', NULL),
  (20, 20, 20, 'French Essay', 'Describe a school day in French.', 20.00, '2026-08-03 23:59:00', NULL),
  (21, 21, 21, 'Spanish Dialogue', 'Translate a conversation.', 20.00, '2026-08-04 23:59:00', NULL),
  (22, 22, 22, 'German Grammar', 'Practice sentence structure.', 20.00, '2026-08-05 23:59:00', NULL),
  (23, 23, 23, 'Hindi Poem', 'Write a poem in Hindi.', 20.00, '2026-08-06 23:59:00', NULL),
  (24, 24, 24, 'Urdu Story', 'Write a short story in Urdu.', 20.00, '2026-08-07 23:59:00', NULL),
  (25, 25, 25, 'Programming Assignment', 'Submit code and README.', 30.00, '2026-08-08 23:59:00', NULL),
  (26, 26, 26, 'Statistics Problem', 'Solve probability questions.', 25.00, '2026-08-09 23:59:00', NULL),
  (27, 27, 27, 'Geology Report', 'Explain rock types.', 20.00, '2026-08-10 23:59:00', NULL),
  (28, 28, 28, 'Astronomy Notes', 'Describe the solar system.', 25.00, '2026-08-11 23:59:00', NULL),
  (29, 29, 29, 'Psychology Project', 'Analyze behavior patterns.', 25.00, '2026-08-12 23:59:00', NULL),
  (30, 30, 30, 'Modern Studies Assignment', 'Research current affairs.', 30.00, '2026-08-13 23:59:00', NULL),
  (31, 31, 31, 'Media Studies Review', 'Review a documentary.', 25.00, '2026-08-14 23:59:00', NULL),
  (32, 32, 32, 'Business Ethics Essay', 'Discuss ethical business.', 25.00, '2026-08-15 23:59:00', NULL),
  (33, 33, 33, 'Humanities Case', 'Discuss culture and society.', 20.00, '2026-08-16 23:59:00', NULL),
  (34, 34, 34, 'Art History Essay', 'Analyze an art movement.', 20.00, '2026-08-17 23:59:00', NULL),
  (35, 35, 35, 'Psychology 3 Report', 'Explain learning theories.', 25.00, '2026-08-18 23:59:00', NULL),
  (36, 36, 36, 'Statistics 2 Exercise', 'Practice regression analysis.', 30.00, '2026-08-19 23:59:00', NULL),
  (37, 37, 37, 'Design Challenge', 'Create a design brief.', 25.00, '2026-08-20 23:59:00', NULL),
  (38, 38, 38, 'Engineering Task', 'Sketch a mechanical system.', 30.00, '2026-08-21 23:59:00', NULL),
  (39, 39, 39, 'Entrepreneurship Plan', 'Define a new product.', 25.00, '2026-08-22 23:59:00', NULL),
  (40, 40, 40, 'Computer Engineering Lab', 'Build a small circuit diagram.', 30.00, '2026-08-23 23:59:00', NULL);

INSERT INTO assignment_submissions (assignment_id, student_id, file_url, submitted_at, marks_obtained, feedback, status)
VALUES
  (1, 1, '/submissions/assignment-1-user-1.pdf', '2026-07-14 16:00:00', 18.00, 'Well done.', 'graded'),
  (2, 2, '/submissions/assignment-2-user-2.pdf', '2026-07-15 16:10:00', 20.00, 'Good work.', 'graded'),
  (3, 3, '/submissions/assignment-3-user-3.pdf', '2026-07-16 16:20:00', 14.00, 'Needs more detail.', 'graded'),
  (4, 4, '/submissions/assignment-4-user-4.pdf', '2026-07-17 16:30:00', 28.00, 'Strong response.', 'graded'),
  (5, 5, '/submissions/assignment-5-user-5.pdf', '2026-07-18 16:40:00', 19.00, 'Good effort.', 'graded'),
  (6, 6, '/submissions/assignment-6-user-6.pdf', '2026-07-19 16:50:00', 21.00, 'Well organized.', 'graded'),
  (7, 7, '/submissions/assignment-7-user-7.pdf', '2026-07-20 17:00:00', 23.00, 'Nice work.', 'graded'),
  (8, 8, '/submissions/assignment-8-user-8.pdf', '2026-07-21 17:10:00', 18.00, 'Solid report.', 'graded'),
  (9, 9, '/submissions/assignment-9-user-9.pdf', '2026-07-22 17:20:00', 26.00, 'Excellent.', 'graded'),
  (10, 10, '/submissions/assignment-10-user-10.pdf', '2026-07-23 17:30:00', 19.00, 'Good job.', 'graded'),
  (11, 11, '/submissions/assignment-11-user-11.pdf', '2026-07-24 17:40:00', 13.00, 'Review grammar.', 'graded'),
  (12, 12, '/submissions/assignment-12-user-12.pdf', '2026-07-25 17:50:00', 9.00, 'Incomplete.', 'graded'),
  (13, 13, '/submissions/assignment-13-user-13.pdf', '2026-07-26 18:00:00', 22.00, 'Well done.', 'graded'),
  (14, 14, '/submissions/assignment-14-user-14.pdf', '2026-07-27 18:10:00', 18.00, 'Good response.', 'graded'),
  (15, 15, '/submissions/assignment-15-user-15.pdf', '2026-07-28 18:20:00', 23.00, 'Great.', 'graded'),
  (16, 16, '/submissions/assignment-16-user-16.pdf', '2026-07-29 18:30:00', 20.00, 'Complete.', 'graded'),
  (17, 17, '/submissions/assignment-17-user-17.pdf', '2026-07-30 18:40:00', 27.00, 'Excellent.', 'graded'),
  (18, 18, '/submissions/assignment-18-user-18.pdf', '2026-07-31 18:50:00', 24.00, 'Nice detail.', 'graded'),
  (19, 19, '/submissions/assignment-19-user-19.pdf', '2026-08-01 19:00:00', 18.00, 'Well written.', 'graded'),
  (20, 20, '/submissions/assignment-20-user-20.pdf', '2026-08-02 19:10:00', 21.00, 'Good job.', 'graded'),
  (21, 21, '/submissions/assignment-21-user-21.pdf', '2026-08-03 19:20:00', 22.00, 'Well done.', 'graded'),
  (22, 22, '/submissions/assignment-22-user-22.pdf', '2026-08-04 19:30:00', 19.00, 'Nice work.', 'graded'),
  (23, 23, '/submissions/assignment-23-user-23.pdf', '2026-08-05 19:40:00', 18.00, 'Good effort.', 'graded'),
  (24, 24, '/submissions/assignment-24-user-24.pdf', '2026-08-06 19:50:00', 18.00, 'Well written.', 'graded'),
  (25, 25, '/submissions/assignment-25-user-25.pdf', '2026-08-07 20:00:00', 27.00, 'Excellent.', 'graded'),
  (26, 26, '/submissions/assignment-26-user-26.pdf', '2026-08-08 20:10:00', 24.00, 'Very good.', 'graded'),
  (27, 27, '/submissions/assignment-27-user-27.pdf', '2026-08-09 20:20:00', 25.00, 'Great work.', 'graded'),
  (28, 28, '/submissions/assignment-28-user-28.pdf', '2026-08-10 20:30:00', 23.00, 'Strong submission.', 'graded'),
  (29, 29, '/submissions/assignment-29-user-29.pdf', '2026-08-11 20:40:00', 22.00, 'Solid report.', 'graded'),
  (30, 30, '/submissions/assignment-30-user-30.pdf', '2026-08-12 20:50:00', 26.00, 'Excellent.', 'graded'),
  (31, 31, '/submissions/assignment-31-user-31.pdf', '2026-08-13 21:00:00', 24.00, 'Good submission.', 'graded'),
  (32, 32, '/submissions/assignment-32-user-32.pdf', '2026-08-14 21:10:00', 25.00, 'Well done.', 'graded'),
  (33, 33, '/submissions/assignment-33-user-33.pdf', '2026-08-15 21:20:00', 23.00, 'Nice work.', 'graded'),
  (34, 34, '/submissions/assignment-34-user-34.pdf', '2026-08-16 21:30:00', 24.00, 'Very good.', 'graded'),
  (35, 35, '/submissions/assignment-35-user-35.pdf', '2026-08-17 21:40:00', 25.00, 'Strong.', 'graded'),
  (36, 36, '/submissions/assignment-36-user-36.pdf', '2026-08-18 21:50:00', 26.00, 'Excellent.', 'graded'),
  (37, 37, '/submissions/assignment-37-user-37.pdf', '2026-08-19 22:00:00', 24.00, 'Good submission.', 'graded'),
  (38, 38, '/submissions/assignment-38-user-38.pdf', '2026-08-20 22:10:00', 25.00, 'Well done.', 'graded'),
  (39, 39, '/submissions/assignment-39-user-39.pdf', '2026-08-21 22:20:00', 23.00, 'Nice work.', 'graded'),
  (40, 40, '/submissions/assignment-40-user-40.pdf', '2026-08-22 22:30:00', 27.00, 'Excellent.', 'graded');

INSERT INTO quizzes (id, subject_id, teacher_id, title, instructions, total_marks, start_time, end_time)
VALUES
  (1, 1, 1, 'Math Quiz', 'Answer all questions.', 10.00, '2026-06-20 09:00:00', '2026-06-20 09:30:00'),
  (2, 2, 2, 'Science Quiz', 'Answer all questions.', 10.00, '2026-06-20 09:05:00', '2026-06-20 09:35:00'),
  (3, 3, 3, 'English Quiz', 'Answer all questions.', 10.00, '2026-06-20 09:10:00', '2026-06-20 09:40:00'),
  (4, 4, 4, 'History Quiz', 'Answer all questions.', 10.00, '2026-06-20 09:15:00', '2026-06-20 09:45:00'),
  (5, 5, 5, 'Biology Quiz', 'Answer all questions.', 10.00, '2026-06-20 09:20:00', '2026-06-20 09:50:00'),
  (6, 6, 6, 'Chemistry Quiz', 'Answer all questions.', 10.00, '2026-06-20 09:25:00', '2026-06-20 09:55:00'),
  (7, 7, 7, 'Physics Quiz', 'Answer all questions.', 10.00, '2026-06-20 09:30:00', '2026-06-20 10:00:00'),
  (8, 8, 8, 'Geography Quiz', 'Answer all questions.', 10.00, '2026-06-20 09:35:00', '2026-06-20 10:05:00'),
  (9, 9, 9, 'Computer Quiz', 'Answer all questions.', 10.00, '2026-06-20 09:40:00', '2026-06-20 10:10:00'),
  (10, 10, 10, 'Art Quiz', 'Answer all questions.', 10.00, '2026-06-20 09:45:00', '2026-06-20 10:15:00'),
  (11, 11, 11, 'Music Quiz', 'Answer all questions.', 10.00, '2026-06-20 09:50:00', '2026-06-20 10:20:00'),
  (12, 12, 12, 'PE Quiz', 'Answer all questions.', 10.00, '2026-06-20 09:55:00', '2026-06-20 10:25:00'),
  (13, 13, 13, 'Economics Quiz', 'Answer all questions.', 10.00, '2026-06-20 10:00:00', '2026-06-20 10:30:00'),
  (14, 14, 14, 'Philosophy Quiz', 'Answer all questions.', 10.00, '2026-06-20 10:05:00', '2026-06-20 10:35:00'),
  (15, 15, 15, 'Psychology Quiz', 'Answer all questions.', 10.00, '2026-06-20 10:10:00', '2026-06-20 10:40:00'),
  (16, 16, 16, 'Sociology Quiz', 'Answer all questions.', 10.00, '2026-06-20 10:15:00', '2026-06-20 10:45:00'),
  (17, 17, 17, 'Business Quiz', 'Answer all questions.', 10.00, '2026-06-20 10:20:00', '2026-06-20 10:50:00'),
  (18, 18, 18, 'Environment Quiz', 'Answer all questions.', 10.00, '2026-06-20 10:25:00', '2026-06-20 10:55:00'),
  (19, 19, 19, 'Drama Quiz', 'Answer all questions.', 10.00, '2026-06-20 10:30:00', '2026-06-20 11:00:00'),
  (20, 20, 20, 'French Quiz', 'Answer all questions.', 10.00, '2026-06-20 10:35:00', '2026-06-20 11:05:00'),
  (21, 21, 21, 'Spanish Quiz', 'Answer all questions.', 10.00, '2026-06-20 10:40:00', '2026-06-20 11:10:00'),
  (22, 22, 22, 'German Quiz', 'Answer all questions.', 10.00, '2026-06-20 10:45:00', '2026-06-20 11:15:00'),
  (23, 23, 23, 'Hindi Quiz', 'Answer all questions.', 10.00, '2026-06-20 10:50:00', '2026-06-20 11:20:00'),
  (24, 24, 24, 'Urdu Quiz', 'Answer all questions.', 10.00, '2026-06-20 10:55:00', '2026-06-20 11:25:00'),
  (25, 25, 25, 'Programming Quiz', 'Answer all questions.', 10.00, '2026-06-20 11:00:00', '2026-06-20 11:30:00'),
  (26, 26, 26, 'Statistics Quiz', 'Answer all questions.', 10.00, '2026-06-20 11:05:00', '2026-06-20 11:35:00'),
  (27, 27, 27, 'Geology Quiz', 'Answer all questions.', 10.00, '2026-06-20 11:10:00', '2026-06-20 11:40:00'),
  (28, 28, 28, 'Astronomy Quiz', 'Answer all questions.', 10.00, '2026-06-20 11:15:00', '2026-06-20 11:45:00'),
  (29, 29, 29, 'Psychology 2 Quiz', 'Answer all questions.', 10.00, '2026-06-20 11:20:00', '2026-06-20 11:50:00'),
  (30, 30, 30, 'Modern Studies Quiz', 'Answer all questions.', 10.00, '2026-06-20 11:25:00', '2026-06-20 11:55:00'),
  (31, 31, 31, 'Media Studies Quiz', 'Answer all questions.', 10.00, '2026-06-20 11:30:00', '2026-06-20 12:00:00'),
  (32, 32, 32, 'Business Ethics Quiz', 'Answer all questions.', 10.00, '2026-06-20 11:35:00', '2026-06-20 12:05:00'),
  (33, 33, 33, 'Humanities Quiz', 'Answer all questions.', 10.00, '2026-06-20 11:40:00', '2026-06-20 12:10:00'),
  (34, 34, 34, 'Art History Quiz', 'Answer all questions.', 10.00, '2026-06-20 11:45:00', '2026-06-20 12:15:00'),
  (35, 35, 35, 'Psychology 3 Quiz', 'Answer all questions.', 10.00, '2026-06-20 11:50:00', '2026-06-20 12:20:00'),
  (36, 36, 36, 'Statistics 2 Quiz', 'Answer all questions.', 10.00, '2026-06-20 11:55:00', '2026-06-20 12:25:00'),
  (37, 37, 37, 'Design Quiz', 'Answer all questions.', 10.00, '2026-06-20 12:00:00', '2026-06-20 12:30:00'),
  (38, 38, 38, 'Engineering Quiz', 'Answer all questions.', 10.00, '2026-06-20 12:05:00', '2026-06-20 12:35:00'),
  (39, 39, 39, 'Entrepreneurship Quiz', 'Answer all questions.', 10.00, '2026-06-20 12:10:00', '2026-06-20 12:40:00'),
  (40, 40, 40, 'Computer Engineering Quiz', 'Answer all questions.', 10.00, '2026-06-20 12:15:00', '2026-06-20 12:45:00');

INSERT INTO quiz_questions (id, quiz_id, question_text, question_type, marks)
VALUES
  (1, 1, 'What is 2 + 2?', 'single_choice', 2.00),
  (2, 2, 'What is H2O?', 'single_choice', 2.00),
  (3, 3, 'What is a noun?', 'single_choice', 2.00),
  (4, 4, 'Who discovered America?', 'single_choice', 2.00),
  (5, 5, 'What is a cell?', 'single_choice', 2.00),
  (6, 6, 'Is water acidic or basic?', 'single_choice', 2.00),
  (7, 7, 'What is force?', 'single_choice', 2.00),
  (8, 8, 'What is climate?', 'single_choice', 2.00),
  (9, 9, 'What is software?', 'single_choice', 2.00),
  (10, 10, 'What is color?', 'single_choice', 2.00),
  (11, 11, 'What is rhythm?', 'single_choice', 2.00),
  (12, 12, 'What is exercise?', 'single_choice', 2.00),
  (13, 13, 'What is demand?', 'single_choice', 2.00),
  (14, 14, 'What is ethics?', 'single_choice', 2.00),
  (15, 15, 'What is memory?', 'single_choice', 2.00),
  (16, 16, 'What is society?', 'single_choice', 2.00),
  (17, 17, 'What is profit?', 'single_choice', 2.00),
  (18, 18, 'What is pollution?', 'single_choice', 2.00),
  (19, 19, 'What is theatre?', 'single_choice', 2.00),
  (20, 20, 'What is bonjour?', 'single_choice', 2.00),
  (21, 21, 'What is hola?', 'single_choice', 2.00),
  (22, 22, 'What is guten Tag?', 'single_choice', 2.00),
  (23, 23, 'What is shukriya?', 'single_choice', 2.00),
  (24, 24, 'What is kia haal hai?', 'single_choice', 2.00),
  (25, 25, 'What is programming?', 'single_choice', 2.00),
  (26, 26, 'What is mean?', 'single_choice', 2.00),
  (27, 27, 'What is granite?', 'single_choice', 2.00),
  (28, 28, 'What is a star?', 'single_choice', 2.00),
  (29, 29, 'What is behavior?', 'single_choice', 2.00),
  (30, 30, 'What is democracy?', 'single_choice', 2.00),
  (31, 31, 'What is media?', 'single_choice', 2.00),
  (32, 32, 'What is ethics?', 'single_choice', 2.00),
  (33, 33, 'What is history?', 'single_choice', 2.00),
  (34, 34, 'What is renaissance?', 'single_choice', 2.00),
  (35, 35, 'What is conditioning?', 'single_choice', 2.00),
  (36, 36, 'What is variance?', 'single_choice', 2.00),
  (37, 37, 'What is sketch?', 'single_choice', 2.00),
  (38, 38, 'What is circuit?', 'single_choice', 2.00),
  (39, 39, 'What is startup?', 'single_choice', 2.00),
  (40, 40, 'What is microprocessor?', 'single_choice', 2.00);

INSERT INTO quiz_options (id, question_id, option_text, is_correct)
VALUES
  (1, 1, '4', true),
  (2, 2, 'Water', true),
  (3, 3, 'A person, place or thing', true),
  (4, 4, 'Christopher Columbus', true),
  (5, 5, 'Basic unit of life', true),
  (6, 6, 'Basic', true),
  (7, 7, 'A push or pull', true),
  (8, 8, 'Weather patterns', true),
  (9, 9, 'Program instructions', true),
  (10, 10, 'Hue', true),
  (11, 11, 'A musical pattern', true),
  (12, 12, 'Physical exercise', true),
  (13, 13, 'Demand', true),
  (14, 14, 'Ethical principles', true),
  (15, 15, 'Memory', true),
  (16, 16, 'Community life', true),
  (17, 17, 'Earnings', true),
  (18, 18, 'Pollution', true),
  (19, 19, 'Performing arts', true),
  (20, 20, 'Hello', true),
  (21, 21, 'Hello', true),
  (22, 22, 'Good day', true),
  (23, 23, 'Thank you', true),
  (24, 24, 'How are you', true),
  (25, 25, 'Coding', true),
  (26, 26, 'Average', true),
  (27, 27, 'Rock type', true),
  (28, 28, 'A star', true),
  (29, 29, 'Behavior', true),
  (30, 30, 'System of government', true),
  (31, 31, 'Communication channel', true),
  (32, 32, 'Moral values', true),
  (33, 33, 'Study of past events', true),
  (34, 34, 'Art movement', true),
  (35, 35, 'Learning process', true),
  (36, 36, 'Spread of values', true),
  (37, 37, 'Drawing', true),
  (38, 38, 'Electrical path', true),
  (39, 39, 'New business', true),
  (40, 40, 'Processor design', true);

INSERT INTO quiz_results (quiz_id, student_id, score, submitted_at, time_taken)
VALUES
  (1, 1, 8.00, '2026-06-20 09:15:00', 900),
  (2, 2, 9.00, '2026-06-20 09:20:00', 900),
  (3, 3, 7.00, '2026-06-20 09:25:00', 900),
  (4, 4, 9.00, '2026-06-20 09:30:00', 900),
  (5, 5, 8.00, '2026-06-20 09:35:00', 900),
  (6, 6, 9.00, '2026-06-20 09:40:00', 900),
  (7, 7, 8.00, '2026-06-20 09:45:00', 900),
  (8, 8, 9.00, '2026-06-20 09:50:00', 900),
  (9, 9, 10.00, '2026-06-20 09:55:00', 900),
  (10, 10, 8.00, '2026-06-20 10:00:00', 900),
  (11, 11, 8.00, '2026-06-20 10:05:00', 900),
  (12, 12, 9.00, '2026-06-20 10:10:00', 900),
  (13, 13, 7.00, '2026-06-20 10:15:00', 900),
  (14, 14, 8.00, '2026-06-20 10:20:00', 900),
  (15, 15, 9.00, '2026-06-20 10:25:00', 900),
  (16, 16, 8.00, '2026-06-20 10:30:00', 900),
  (17, 17, 8.00, '2026-06-20 10:35:00', 900),
  (18, 18, 9.00, '2026-06-20 10:40:00', 900),
  (19, 19, 8.00, '2026-06-20 10:45:00', 900),
  (20, 20, 9.00, '2026-06-20 10:50:00', 900),
  (21, 21, 9.00, '2026-06-20 10:55:00', 900),
  (22, 22, 8.00, '2026-06-20 11:00:00', 900),
  (23, 23, 9.00, '2026-06-20 11:05:00', 900),
  (24, 24, 8.00, '2026-06-20 11:10:00', 900),
  (25, 25, 10.00, '2026-06-20 11:15:00', 900),
  (26, 26, 9.00, '2026-06-20 11:20:00', 900),
  (27, 27, 8.00, '2026-06-20 11:25:00', 900),
  (28, 28, 9.00, '2026-06-20 11:30:00', 900),
  (29, 29, 8.00, '2026-06-20 11:35:00', 900),
  (30, 30, 9.00, '2026-06-20 11:40:00', 900),
  (31, 31, 9.00, '2026-06-20 11:45:00', 900),
  (32, 32, 8.00, '2026-06-20 11:50:00', 900),
  (33, 33, 9.00, '2026-06-20 11:55:00', 900),
  (34, 34, 8.00, '2026-06-20 12:00:00', 900),
  (35, 35, 9.00, '2026-06-20 12:05:00', 900),
  (36, 36, 9.00, '2026-06-20 12:10:00', 900),
  (37, 37, 8.00, '2026-06-20 12:15:00', 900),
  (38, 38, 9.00, '2026-06-20 12:20:00', 900),
  (39, 39, 8.00, '2026-06-20 12:25:00', 900),
  (40, 40, 9.00, '2026-06-20 12:30:00', 900);

INSERT INTO exams (id, subject_id, title, description, exam_date, total_marks, passing_marks)
VALUES
  (1, 1, 'Math Exam', 'End of term math exam.', '2026-08-10', 100.00, 40.00),
  (2, 2, 'Science Exam', 'End of term science exam.', '2026-08-11', 100.00, 40.00),
  (3, 3, 'English Exam', 'End of term English exam.', '2026-08-12', 100.00, 40.00),
  (4, 4, 'History Exam', 'End of term history exam.', '2026-08-13', 100.00, 40.00),
  (5, 5, 'Biology Exam', 'End of term biology exam.', '2026-08-14', 100.00, 40.00),
  (6, 6, 'Chemistry Exam', 'End of term chemistry exam.', '2026-08-15', 100.00, 40.00),
  (7, 7, 'Physics Exam', 'End of term physics exam.', '2026-08-16', 100.00, 40.00),
  (8, 8, 'Geography Exam', 'End of term geography exam.', '2026-08-17', 100.00, 40.00),
  (9, 9, 'Computer Science Exam', 'End of term computer exam.', '2026-08-18', 100.00, 40.00),
  (10, 10, 'Art Exam', 'End of term art exam.', '2026-08-19', 100.00, 40.00),
  (11, 11, 'Music Exam', 'End of term music exam.', '2026-08-20', 100.00, 40.00),
  (12, 12, 'PE Exam', 'End of term PE exam.', '2026-08-21', 100.00, 40.00),
  (13, 13, 'Economics Exam', 'End of term economics exam.', '2026-08-22', 100.00, 40.00),
  (14, 14, 'Philosophy Exam', 'End of term philosophy exam.', '2026-08-23', 100.00, 40.00),
  (15, 15, 'Psychology Exam', 'End of term psychology exam.', '2026-08-24', 100.00, 40.00),
  (16, 16, 'Sociology Exam', 'End of term sociology exam.', '2026-08-25', 100.00, 40.00),
  (17, 17, 'Business Studies Exam', 'End of term business exam.', '2026-08-26', 100.00, 40.00),
  (18, 18, 'Environmental Science Exam', 'End of term environment exam.', '2026-08-27', 100.00, 40.00),
  (19, 19, 'Drama Exam', 'End of term drama exam.', '2026-08-28', 100.00, 40.00),
  (20, 20, 'French Exam', 'End of term French exam.', '2026-08-29', 100.00, 40.00),
  (21, 21, 'Spanish Exam', 'End of term Spanish exam.', '2026-08-30', 100.00, 40.00),
  (22, 22, 'German Exam', 'End of term German exam.', '2026-08-31', 100.00, 40.00),
  (23, 23, 'Hindi Exam', 'End of term Hindi exam.', '2026-09-01', 100.00, 40.00),
  (24, 24, 'Urdu Exam', 'End of term Urdu exam.', '2026-09-02', 100.00, 40.00),
  (25, 25, 'Computer Apps Exam', 'End of term apps exam.', '2026-09-03', 100.00, 40.00),
  (26, 26, 'Statistics Exam', 'End of term stats exam.', '2026-09-04', 100.00, 40.00),
  (27, 27, 'Geology Exam', 'End of term geology exam.', '2026-09-05', 100.00, 40.00),
  (28, 28, 'Astronomy Exam', 'End of term astronomy exam.', '2026-09-06', 100.00, 40.00),
  (29, 29, 'Psychology 2 Exam', 'End of term psychology exam.', '2026-09-07', 100.00, 40.00),
  (30, 30, 'Modern Studies Exam', 'End of term modern studies exam.', '2026-09-08', 100.00, 40.00),
  (31, 31, 'Media Studies Exam', 'End of term media exam.', '2026-09-09', 100.00, 40.00),
  (32, 32, 'Business Ethics Exam', 'End of term ethics exam.', '2026-09-10', 100.00, 40.00),
  (33, 33, 'Humanities Exam', 'End of term humanities exam.', '2026-09-11', 100.00, 40.00),
  (34, 34, 'Art History Exam', 'End of term art history exam.', '2026-09-12', 100.00, 40.00),
  (35, 35, 'Psychology 3 Exam', 'End of term psychology exam.', '2026-09-13', 100.00, 40.00),
  (36, 36, 'Statistics 2 Exam', 'End of term stats exam.', '2026-09-14', 100.00, 40.00),
  (37, 37, 'Design Exam', 'End of term design exam.', '2026-09-15', 100.00, 40.00),
  (38, 38, 'Engineering Exam', 'End of term engineering exam.', '2026-09-16', 100.00, 40.00),
  (39, 39, 'Entrepreneurship Exam', 'End of term entrepreneurship exam.', '2026-09-17', 100.00, 40.00),
  (40, 40, 'Computer Engineering Exam', 'End of term computer engineering exam.', '2026-09-18', 100.00, 40.00);

INSERT INTO exam_results (exam_id, student_id, marks_obtained, percentage, grade, remarks)
VALUES
  (1, 1, 85.00, 85.00, 'A', 'Strong'),
  (2, 2, 78.00, 78.00, 'B', 'Good'),
  (3, 3, 82.00, 82.00, 'A', 'Well done'),
  (4, 4, 70.00, 70.00, 'C', 'Satisfactory'),
  (5, 5, 88.00, 88.00, 'A', 'Excellent'),
  (6, 6, 76.00, 76.00, 'B', 'Good'),
  (7, 7, 80.00, 80.00, 'A', 'Nice'),
  (8, 8, 69.00, 69.00, 'C', 'Needs improvement'),
  (9, 9, 92.00, 92.00, 'A', 'Excellent'),
  (10, 10, 75.00, 75.00, 'B', 'Good'),
  (11, 11, 84.00, 84.00, 'A', 'Strong'),
  (12, 12, 77.00, 77.00, 'B', 'Good'),
  (13, 13, 81.00, 81.00, 'A', 'Nice'),
  (14, 14, 74.00, 74.00, 'B', 'Satisfactory'),
  (15, 15, 86.00, 86.00, 'A', 'Well done'),
  (16, 16, 79.00, 79.00, 'B', 'Good'),
  (17, 17, 83.00, 83.00, 'A', 'Strong'),
  (18, 18, 72.00, 72.00, 'C', 'Needs review'),
  (19, 19, 89.00, 89.00, 'A', 'Excellent'),
  (20, 20, 76.00, 76.00, 'B', 'Good'),
  (21, 21, 88.00, 88.00, 'A', 'Great'),
  (22, 22, 73.00, 73.00, 'C', 'Satisfactory'),
  (23, 23, 82.00, 82.00, 'A', 'Strong'),
  (24, 24, 78.00, 78.00, 'B', 'Good'),
  (25, 25, 85.00, 85.00, 'A', 'Well done'),
  (26, 26, 80.00, 80.00, 'A', 'Nice'),
  (27, 27, 75.00, 75.00, 'B', 'Good'),
  (28, 28, 91.00, 91.00, 'A', 'Excellent'),
  (29, 29, 84.00, 84.00, 'A', 'Strong'),
  (30, 30, 77.00, 77.00, 'B', 'Good'),
  (31, 31, 83.00, 83.00, 'A', 'Nice'),
  (32, 32, 76.00, 76.00, 'B', 'Satisfactory'),
  (33, 33, 90.00, 90.00, 'A', 'Excellent'),
  (34, 34, 79.00, 79.00, 'B', 'Good'),
  (35, 35, 87.00, 87.00, 'A', 'Great'),
  (36, 36, 81.00, 81.00, 'A', 'Well done'),
  (37, 37, 74.00, 74.00, 'B', 'Good'),
  (38, 38, 92.00, 92.00, 'A', 'Excellent'),
  (39, 39, 85.00, 85.00, 'A', 'Strong'),
  (40, 40, 78.00, 78.00, 'B', 'Good');

INSERT INTO documents (id, subject_id, teacher_id, title, description, file_url, file_type, uploaded_at)
VALUES
  (1, 1, 1, 'Math Guide', 'Guide for math topics.', '/docs/math-guide.pdf', 'pdf', '2026-06-16 08:00:00'),
  (2, 2, 2, 'Science Notes', 'Notes for science.', '/docs/science-notes.pdf', 'pdf', '2026-06-16 08:10:00'),
  (3, 3, 3, 'English Notes', 'Notes for English.', '/docs/english-notes.pdf', 'pdf', '2026-06-16 08:20:00'),
  (4, 4, 4, 'History Notes', 'Notes for history.', '/docs/history-notes.pdf', 'pdf', '2026-06-16 08:30:00'),
  (5, 5, 5, 'Biology Notes', 'Notes for biology.', '/docs/biology-notes.pdf', 'pdf', '2026-06-16 08:40:00'),
  (6, 6, 6, 'Chemistry Notes', 'Notes for chemistry.', '/docs/chemistry-notes.pdf', 'pdf', '2026-06-16 08:50:00'),
  (7, 7, 7, 'Physics Notes', 'Notes for physics.', '/docs/physics-notes.pdf', 'pdf', '2026-06-16 09:00:00'),
  (8, 8, 8, 'Geography Notes', 'Notes for geography.', '/docs/geography-notes.pdf', 'pdf', '2026-06-16 09:10:00'),
  (9, 9, 9, 'CS Notes', 'Notes for computer science.', '/docs/cs-notes.pdf', 'pdf', '2026-06-16 09:20:00'),
  (10, 10, 10, 'Art Notes', 'Notes for art.', '/docs/art-notes.pdf', 'pdf', '2026-06-16 09:30:00'),
  (11, 11, 11, 'Music Notes', 'Notes for music.', '/docs/music-notes.pdf', 'pdf', '2026-06-16 09:40:00'),
  (12, 12, 12, 'PE Notes', 'Notes for PE.', '/docs/pe-notes.pdf', 'pdf', '2026-06-16 09:50:00'),
  (13, 13, 13, 'Economics Notes', 'Notes for economics.', '/docs/economics-notes.pdf', 'pdf', '2026-06-16 10:00:00'),
  (14, 14, 14, 'Philosophy Notes', 'Notes for philosophy.', '/docs/philosophy-notes.pdf', 'pdf', '2026-06-16 10:10:00'),
  (15, 15, 15, 'Psychology Notes', 'Notes for psychology.', '/docs/psychology-notes.pdf', 'pdf', '2026-06-16 10:20:00'),
  (16, 16, 16, 'Sociology Notes', 'Notes for sociology.', '/docs/sociology-notes.pdf', 'pdf', '2026-06-16 10:30:00'),
  (17, 17, 17, 'Business Notes', 'Notes for business.', '/docs/business-notes.pdf', 'pdf', '2026-06-16 10:40:00'),
  (18, 18, 18, 'Environment Notes', 'Notes for environment science.', '/docs/environment-notes.pdf', 'pdf', '2026-06-16 10:50:00'),
  (19, 19, 19, 'Drama Notes', 'Notes for drama.', '/docs/drama-notes.pdf', 'pdf', '2026-06-16 11:00:00'),
  (20, 20, 20, 'French Notes', 'Notes for French.', '/docs/french-notes.pdf', 'pdf', '2026-06-16 11:10:00'),
  (21, 21, 21, 'Spanish Notes', 'Notes for Spanish.', '/docs/spanish-notes.pdf', 'pdf', '2026-06-16 11:20:00'),
  (22, 22, 22, 'German Notes', 'Notes for German.', '/docs/german-notes.pdf', 'pdf', '2026-06-16 11:30:00'),
  (23, 23, 23, 'Hindi Notes', 'Notes for Hindi.', '/docs/hindi-notes.pdf', 'pdf', '2026-06-16 11:40:00'),
  (24, 24, 24, 'Urdu Notes', 'Notes for Urdu.', '/docs/urdu-notes.pdf', 'pdf', '2026-06-16 11:50:00'),
  (25, 25, 25, 'Programming Notes', 'Notes for programming.', '/docs/programming-notes.pdf', 'pdf', '2026-06-16 12:00:00'),
  (26, 26, 26, 'Statistics Notes', 'Notes for statistics.', '/docs/statistics-notes.pdf', 'pdf', '2026-06-16 12:10:00'),
  (27, 27, 27, 'Geology Notes', 'Notes for geology.', '/docs/geology-notes.pdf', 'pdf', '2026-06-16 12:20:00'),
  (28, 28, 28, 'Astronomy Notes', 'Notes for astronomy.', '/docs/astronomy-notes.pdf', 'pdf', '2026-06-16 12:30:00'),
  (29, 29, 29, 'Psychology 2 Notes', 'Notes for psychology.', '/docs/psychology2-notes.pdf', 'pdf', '2026-06-16 12:40:00'),
  (30, 30, 30, 'Modern Studies Notes', 'Notes for modern studies.', '/docs/modernstudies-notes.pdf', 'pdf', '2026-06-16 12:50:00'),
  (31, 31, 31, 'Media Studies Notes', 'Notes for media studies.', '/docs/media-notes.pdf', 'pdf', '2026-06-16 13:00:00'),
  (32, 32, 32, 'Business Ethics Notes', 'Notes for business ethics.', '/docs/businessethics-notes.pdf', 'pdf', '2026-06-16 13:10:00'),
  (33, 33, 33, 'Humanities Notes', 'Notes for humanities.', '/docs/humanities-notes.pdf', 'pdf', '2026-06-16 13:20:00'),
  (34, 34, 34, 'Art History Notes', 'Notes for art history.', '/docs/arthistory-notes.pdf', 'pdf', '2026-06-16 13:30:00'),
  (35, 35, 35, 'Psychology 3 Notes', 'Notes for psychology.', '/docs/psychology3-notes.pdf', 'pdf', '2026-06-16 13:40:00'),
  (36, 36, 36, 'Statistics 2 Notes', 'Notes for statistics.', '/docs/statistics2-notes.pdf', 'pdf', '2026-06-16 13:50:00'),
  (37, 37, 37, 'Design Notes', 'Notes for design.', '/docs/design-notes.pdf', 'pdf', '2026-06-16 14:00:00'),
  (38, 38, 38, 'Engineering Notes', 'Notes for engineering.', '/docs/engineering-notes.pdf', 'pdf', '2026-06-16 14:10:00'),
  (39, 39, 39, 'Entrepreneurship Notes', 'Notes for entrepreneurship.', '/docs/entrepreneurship-notes.pdf', 'pdf', '2026-06-16 14:20:00'),
  (40, 40, 40, 'Computer Engineering Notes', 'Notes for computer engineering.', '/docs/computerengineering-notes.pdf', 'pdf', '2026-06-16 14:30:00');

INSERT INTO live_classes
  (id, section_id, subject_id, teacher_id, title, description, zoom_meeting_id, zoom_join_url, zoom_start_url, start_time, duration_minutes, recording_url, status)
VALUES
  (1, 1, 1, 1, 'Live Class 1', 'Live session one.', 'ZM-001', 'https://zoom.us/j/1001', 'https://zoom.us/s/1001', '2026-06-21 09:00:00', 45, NULL, 'scheduled'),
  (2, 2, 2, 2, 'Live Class 2', 'Live session two.', 'ZM-002', 'https://zoom.us/j/1002', 'https://zoom.us/s/1002', '2026-06-22 09:00:00', 45, NULL, 'scheduled'),
  (3, 3, 3, 3, 'Live Class 3', 'Live session three.', 'ZM-003', 'https://zoom.us/j/1003', 'https://zoom.us/s/1003', '2026-06-23 09:00:00', 45, NULL, 'scheduled'),
  (4, 4, 4, 4, 'Live Class 4', 'Live session four.', 'ZM-004', 'https://zoom.us/j/1004', 'https://zoom.us/s/1004', '2026-06-24 09:00:00', 45, NULL, 'scheduled'),
  (5, 5, 5, 5, 'Live Class 5', 'Live session five.', 'ZM-005', 'https://zoom.us/j/1005', 'https://zoom.us/s/1005', '2026-06-25 09:00:00', 45, NULL, 'scheduled'),
  (6, 6, 6, 6, 'Live Class 6', 'Live session six.', 'ZM-006', 'https://zoom.us/j/1006', 'https://zoom.us/s/1006', '2026-06-26 09:00:00', 45, NULL, 'scheduled'),
  (7, 7, 7, 7, 'Live Class 7', 'Live session seven.', 'ZM-007', 'https://zoom.us/j/1007', 'https://zoom.us/s/1007', '2026-06-27 09:00:00', 45, NULL, 'scheduled'),
  (8, 8, 8, 8, 'Live Class 8', 'Live session eight.', 'ZM-008', 'https://zoom.us/j/1008', 'https://zoom.us/s/1008', '2026-06-28 09:00:00', 45, NULL, 'scheduled'),
  (9, 9, 9, 9, 'Live Class 9', 'Live session nine.', 'ZM-009', 'https://zoom.us/j/1009', 'https://zoom.us/s/1009', '2026-06-29 09:00:00', 45, NULL, 'scheduled'),
  (10, 10, 10, 10, 'Live Class 10', 'Live session ten.', 'ZM-010', 'https://zoom.us/j/1010', 'https://zoom.us/s/1010', '2026-06-30 09:00:00', 45, NULL, 'scheduled'),
  (11, 11, 11, 11, 'Live Class 11', 'Live session eleven.', 'ZM-011', 'https://zoom.us/j/1011', 'https://zoom.us/s/1011', '2026-07-01 09:00:00', 45, NULL, 'scheduled'),
  (12, 12, 12, 12, 'Live Class 12', 'Live session twelve.', 'ZM-012', 'https://zoom.us/j/1012', 'https://zoom.us/s/1012', '2026-07-02 09:00:00', 45, NULL, 'scheduled'),
  (13, 13, 13, 13, 'Live Class 13', 'Live session thirteen.', 'ZM-013', 'https://zoom.us/j/1013', 'https://zoom.us/s/1013', '2026-07-03 09:00:00', 45, NULL, 'scheduled'),
  (14, 14, 14, 14, 'Live Class 14', 'Live session fourteen.', 'ZM-014', 'https://zoom.us/j/1014', 'https://zoom.us/s/1014', '2026-07-04 09:00:00', 45, NULL, 'scheduled'),
  (15, 15, 15, 15, 'Live Class 15', 'Live session fifteen.', 'ZM-015', 'https://zoom.us/j/1015', 'https://zoom.us/s/1015', '2026-07-05 09:00:00', 45, NULL, 'scheduled'),
  (16, 16, 16, 16, 'Live Class 16', 'Live session sixteen.', 'ZM-016', 'https://zoom.us/j/1016', 'https://zoom.us/s/1016', '2026-07-06 09:00:00', 45, NULL, 'scheduled'),
  (17, 17, 17, 17, 'Live Class 17', 'Live session seventeen.', 'ZM-017', 'https://zoom.us/j/1017', 'https://zoom.us/s/1017', '2026-07-07 09:00:00', 45, NULL, 'scheduled'),
  (18, 18, 18, 18, 'Live Class 18', 'Live session eighteen.', 'ZM-018', 'https://zoom.us/j/1018', 'https://zoom.us/s/1018', '2026-07-08 09:00:00', 45, NULL, 'scheduled'),
  (19, 19, 19, 19, 'Live Class 19', 'Live session nineteen.', 'ZM-019', 'https://zoom.us/j/1019', 'https://zoom.us/s/1019', '2026-07-09 09:00:00', 45, NULL, 'scheduled'),
  (20, 20, 20, 20, 'Live Class 20', 'Live session twenty.', 'ZM-020', 'https://zoom.us/j/1020', 'https://zoom.us/s/1020', '2026-07-10 09:00:00', 45, NULL, 'scheduled'),
  (21, 21, 21, 21, 'Live Class 21', 'Live session twenty-one.', 'ZM-021', 'https://zoom.us/j/1021', 'https://zoom.us/s/1021', '2026-07-11 09:00:00', 45, NULL, 'scheduled'),
  (22, 22, 22, 22, 'Live Class 22', 'Live session twenty-two.', 'ZM-022', 'https://zoom.us/j/1022', 'https://zoom.us/s/1022', '2026-07-12 09:00:00', 45, NULL, 'scheduled'),
  (23, 23, 23, 23, 'Live Class 23', 'Live session twenty-three.', 'ZM-023', 'https://zoom.us/j/1023', 'https://zoom.us/s/1023', '2026-07-13 09:00:00', 45, NULL, 'scheduled'),
  (24, 24, 24, 24, 'Live Class 24', 'Live session twenty-four.', 'ZM-024', 'https://zoom.us/j/1024', 'https://zoom.us/s/1024', '2026-07-14 09:00:00', 45, NULL, 'scheduled'),
  (25, 25, 25, 25, 'Live Class 25', 'Live session twenty-five.', 'ZM-025', 'https://zoom.us/j/1025', 'https://zoom.us/s/1025', '2026-07-15 09:00:00', 45, NULL, 'scheduled'),
  (26, 26, 26, 26, 'Live Class 26', 'Live session twenty-six.', 'ZM-026', 'https://zoom.us/j/1026', 'https://zoom.us/s/1026', '2026-07-16 09:00:00', 45, NULL, 'scheduled'),
  (27, 27, 27, 27, 'Live Class 27', 'Live session twenty-seven.', 'ZM-027', 'https://zoom.us/j/1027', 'https://zoom.us/s/1027', '2026-07-17 09:00:00', 45, NULL, 'scheduled'),
  (28, 28, 28, 28, 'Live Class 28', 'Live session twenty-eight.', 'ZM-028', 'https://zoom.us/j/1028', 'https://zoom.us/s/1028', '2026-07-18 09:00:00', 45, NULL, 'scheduled'),
  (29, 29, 29, 29, 'Live Class 29', 'Live session twenty-nine.', 'ZM-029', 'https://zoom.us/j/1029', 'https://zoom.us/s/1029', '2026-07-19 09:00:00', 45, NULL, 'scheduled'),
  (30, 30, 30, 30, 'Live Class 30', 'Live session thirty.', 'ZM-030', 'https://zoom.us/j/1030', 'https://zoom.us/s/1030', '2026-07-20 09:00:00', 45, NULL, 'scheduled'),
  (31, 31, 31, 31, 'Live Class 31', 'Live session thirty-one.', 'ZM-031', 'https://zoom.us/j/1031', 'https://zoom.us/s/1031', '2026-07-21 09:00:00', 45, NULL, 'scheduled'),
  (32, 32, 32, 32, 'Live Class 32', 'Live session thirty-two.', 'ZM-032', 'https://zoom.us/j/1032', 'https://zoom.us/s/1032', '2026-07-22 09:00:00', 45, NULL, 'scheduled'),
  (33, 33, 33, 33, 'Live Class 33', 'Live session thirty-three.', 'ZM-033', 'https://zoom.us/j/1033', 'https://zoom.us/s/1033', '2026-07-23 09:00:00', 45, NULL, 'scheduled'),
  (34, 34, 34, 34, 'Live Class 34', 'Live session thirty-four.', 'ZM-034', 'https://zoom.us/j/1034', 'https://zoom.us/s/1034', '2026-07-24 09:00:00', 45, NULL, 'scheduled'),
  (35, 35, 35, 35, 'Live Class 35', 'Live session thirty-five.', 'ZM-035', 'https://zoom.us/j/1035', 'https://zoom.us/s/1035', '2026-07-25 09:00:00', 45, NULL, 'scheduled'),
  (36, 36, 36, 36, 'Live Class 36', 'Live session thirty-six.', 'ZM-036', 'https://zoom.us/j/1036', 'https://zoom.us/s/1036', '2026-07-26 09:00:00', 45, NULL, 'scheduled'),
  (37, 37, 37, 37, 'Live Class 37', 'Live session thirty-seven.', 'ZM-037', 'https://zoom.us/j/1037', 'https://zoom.us/s/1037', '2026-07-27 09:00:00', 45, NULL, 'scheduled'),
  (38, 38, 38, 38, 'Live Class 38', 'Live session thirty-eight.', 'ZM-038', 'https://zoom.us/j/1038', 'https://zoom.us/s/1038', '2026-07-28 09:00:00', 45, NULL, 'scheduled'),
  (39, 39, 39, 39, 'Live Class 39', 'Live session thirty-nine.', 'ZM-039', 'https://zoom.us/j/1039', 'https://zoom.us/s/1039', '2026-07-29 09:00:00', 45, NULL, 'scheduled'),
  (40, 40, 40, 40, 'Live Class 40', 'Live session forty.', 'ZM-040', 'https://zoom.us/j/1040', 'https://zoom.us/s/1040', '2026-07-30 09:00:00', 45, NULL, 'scheduled');

INSERT INTO live_class_attendance (live_class_id, student_id, joined_at, left_at, attendance_status, duration_minutes)
VALUES
  (1, 1, '2026-06-21 09:01:00', '2026-06-21 09:46:00', 'present', 45),
  (2, 2, '2026-06-22 09:01:00', '2026-06-22 09:46:00', 'present', 45),
  (3, 3, '2026-06-23 09:01:00', '2026-06-23 09:46:00', 'present', 45),
  (4, 4, '2026-06-24 09:01:00', '2026-06-24 09:46:00', 'present', 45),
  (5, 5, '2026-06-25 09:01:00', '2026-06-25 09:46:00', 'present', 45),
  (6, 6, '2026-06-26 09:01:00', '2026-06-26 09:46:00', 'present', 45),
  (7, 7, '2026-06-27 09:01:00', '2026-06-27 09:46:00', 'present', 45),
  (8, 8, '2026-06-28 09:01:00', '2026-06-28 09:46:00', 'present', 45),
  (9, 9, '2026-06-29 09:01:00', '2026-06-29 09:46:00', 'present', 45),
  (10, 10, '2026-06-30 09:01:00', '2026-06-30 09:46:00', 'present', 45),
  (11, 11, '2026-07-01 09:01:00', '2026-07-01 09:46:00', 'present', 45),
  (12, 12, '2026-07-02 09:01:00', '2026-07-02 09:46:00', 'present', 45),
  (13, 13, '2026-07-03 09:01:00', '2026-07-03 09:46:00', 'present', 45),
  (14, 14, '2026-07-04 09:01:00', '2026-07-04 09:46:00', 'present', 45),
  (15, 15, '2026-07-05 09:01:00', '2026-07-05 09:46:00', 'present', 45),
  (16, 16, '2026-07-06 09:01:00', '2026-07-06 09:46:00', 'present', 45),
  (17, 17, '2026-07-07 09:01:00', '2026-07-07 09:46:00', 'present', 45),
  (18, 18, '2026-07-08 09:01:00', '2026-07-08 09:46:00', 'present', 45),
  (19, 19, '2026-07-09 09:01:00', '2026-07-09 09:46:00', 'present', 45),
  (20, 20, '2026-07-10 09:01:00', '2026-07-10 09:46:00', 'present', 45),
  (21, 21, '2026-07-11 09:01:00', '2026-07-11 09:46:00', 'present', 45),
  (22, 22, '2026-07-12 09:01:00', '2026-07-12 09:46:00', 'present', 45),
  (23, 23, '2026-07-13 09:01:00', '2026-07-13 09:46:00', 'present', 45),
  (24, 24, '2026-07-14 09:01:00', '2026-07-14 09:46:00', 'present', 45),
  (25, 25, '2026-07-15 09:01:00', '2026-07-15 09:46:00', 'present', 45),
  (26, 26, '2026-07-16 09:01:00', '2026-07-16 09:46:00', 'present', 45),
  (27, 27, '2026-07-17 09:01:00', '2026-07-17 09:46:00', 'present', 45),
  (28, 28, '2026-07-18 09:01:00', '2026-07-18 09:46:00', 'present', 45),
  (29, 29, '2026-07-19 09:01:00', '2026-07-19 09:46:00', 'present', 45),
  (30, 30, '2026-07-20 09:01:00', '2026-07-20 09:46:00', 'present', 45),
  (31, 31, '2026-07-21 09:01:00', '2026-07-21 09:46:00', 'present', 45),
  (32, 32, '2026-07-22 09:01:00', '2026-07-22 09:46:00', 'present', 45),
  (33, 33, '2026-07-23 09:01:00', '2026-07-23 09:46:00', 'present', 45),
  (34, 34, '2026-07-24 09:01:00', '2026-07-24 09:46:00', 'present', 45),
  (35, 35, '2026-07-25 09:01:00', '2026-07-25 09:46:00', 'present', 45),
  (36, 36, '2026-07-26 09:01:00', '2026-07-26 09:46:00', 'present', 45),
  (37, 37, '2026-07-27 09:01:00', '2026-07-27 09:46:00', 'present', 45),
  (38, 38, '2026-07-28 09:01:00', '2026-07-28 09:46:00', 'present', 45),
  (39, 39, '2026-07-29 09:01:00', '2026-07-29 09:46:00', 'present', 45),
  (40, 40, '2026-07-30 09:01:00', '2026-07-30 09:46:00', 'present', 45);

INSERT INTO fee_structures (id, class_id, title, amount, frequency, description)
VALUES
  (1, 1, 'Fee 1', 1000.00, 'monthly', 'Monthly fee'),
  (2, 2, 'Fee 2', 1100.00, 'monthly', 'Monthly fee'),
  (3, 3, 'Fee 3', 1200.00, 'monthly', 'Monthly fee'),
  (4, 4, 'Fee 4', 1300.00, 'monthly', 'Monthly fee'),
  (5, 5, 'Fee 5', 1400.00, 'monthly', 'Monthly fee'),
  (6, 6, 'Fee 6', 1500.00, 'monthly', 'Monthly fee'),
  (7, 7, 'Fee 7', 1600.00, 'monthly', 'Monthly fee'),
  (8, 8, 'Fee 8', 1700.00, 'monthly', 'Monthly fee'),
  (9, 9, 'Fee 9', 1800.00, 'monthly', 'Monthly fee'),
  (10, 10, 'Fee 10', 1900.00, 'monthly', 'Monthly fee'),
  (11, 11, 'Fee 11', 2000.00, 'monthly', 'Monthly fee'),
  (12, 12, 'Fee 12', 2100.00, 'monthly', 'Monthly fee'),
  (13, 13, 'Fee 13', 2200.00, 'monthly', 'Monthly fee'),
  (14, 14, 'Fee 14', 2300.00, 'monthly', 'Monthly fee'),
  (15, 15, 'Fee 15', 2400.00, 'monthly', 'Monthly fee'),
  (16, 16, 'Fee 16', 2500.00, 'monthly', 'Monthly fee'),
  (17, 17, 'Fee 17', 2600.00, 'monthly', 'Monthly fee'),
  (18, 18, 'Fee 18', 2700.00, 'monthly', 'Monthly fee'),
  (19, 19, 'Fee 19', 2800.00, 'monthly', 'Monthly fee'),
  (20, 20, 'Fee 20', 2900.00, 'monthly', 'Monthly fee'),
  (21, 21, 'Fee 21', 3000.00, 'monthly', 'Monthly fee'),
  (22, 22, 'Fee 22', 3100.00, 'monthly', 'Monthly fee'),
  (23, 23, 'Fee 23', 3200.00, 'monthly', 'Monthly fee'),
  (24, 24, 'Fee 24', 3300.00, 'monthly', 'Monthly fee'),
  (25, 25, 'Fee 25', 3400.00, 'monthly', 'Monthly fee'),
  (26, 26, 'Fee 26', 3500.00, 'monthly', 'Monthly fee'),
  (27, 27, 'Fee 27', 3600.00, 'monthly', 'Monthly fee'),
  (28, 28, 'Fee 28', 3700.00, 'monthly', 'Monthly fee'),
  (29, 29, 'Fee 29', 3800.00, 'monthly', 'Monthly fee'),
  (30, 30, 'Fee 30', 3900.00, 'monthly', 'Monthly fee'),
  (31, 31, 'Fee 31', 4000.00, 'monthly', 'Monthly fee'),
  (32, 32, 'Fee 32', 4100.00, 'monthly', 'Monthly fee'),
  (33, 33, 'Fee 33', 4200.00, 'monthly', 'Monthly fee'),
  (34, 34, 'Fee 34', 4300.00, 'monthly', 'Monthly fee'),
  (35, 35, 'Fee 35', 4400.00, 'monthly', 'Monthly fee'),
  (36, 36, 'Fee 36', 4500.00, 'monthly', 'Monthly fee'),
  (37, 37, 'Fee 37', 4600.00, 'monthly', 'Monthly fee'),
  (38, 38, 'Fee 38', 4700.00, 'monthly', 'Monthly fee'),
  (39, 39, 'Fee 39', 4800.00, 'monthly', 'Monthly fee'),
  (40, 40, 'Fee 40', 4900.00, 'monthly', 'Monthly fee');

INSERT INTO fee_vouchers (id, student_id, fee_structure_id, voucher_no, issue_date, due_date, amount, discount, fine, status)
VALUES
  (1, 1, 1, 'VCH-001', '2026-06-01', '2026-06-10', 1000.00, 0.00, 0.00, 'paid'),
  (2, 2, 2, 'VCH-002', '2026-06-02', '2026-06-11', 1100.00, 0.00, 0.00, 'paid'),
  (3, 3, 3, 'VCH-003', '2026-06-03', '2026-06-12', 1200.00, 0.00, 0.00, 'paid'),
  (4, 4, 4, 'VCH-004', '2026-06-04', '2026-06-13', 1300.00, 0.00, 0.00, 'paid'),
  (5, 5, 5, 'VCH-005', '2026-06-05', '2026-06-14', 1400.00, 0.00, 0.00, 'paid'),
  (6, 6, 6, 'VCH-006', '2026-06-06', '2026-06-15', 1500.00, 0.00, 0.00, 'paid'),
  (7, 7, 7, 'VCH-007', '2026-06-07', '2026-06-16', 1600.00, 0.00, 0.00, 'paid'),
  (8, 8, 8, 'VCH-008', '2026-06-08', '2026-06-17', 1700.00, 0.00, 0.00, 'paid'),
  (9, 9, 9, 'VCH-009', '2026-06-09', '2026-06-18', 1800.00, 0.00, 0.00, 'paid'),
  (10, 10, 10, 'VCH-010', '2026-06-10', '2026-06-19', 1900.00, 0.00, 0.00, 'paid'),
  (11, 11, 11, 'VCH-011', '2026-06-11', '2026-06-20', 2000.00, 0.00, 0.00, 'paid'),
  (12, 12, 12, 'VCH-012', '2026-06-12', '2026-06-21', 2100.00, 0.00, 0.00, 'paid'),
  (13, 13, 13, 'VCH-013', '2026-06-13', '2026-06-22', 2200.00, 0.00, 0.00, 'paid'),
  (14, 14, 14, 'VCH-014', '2026-06-14', '2026-06-23', 2300.00, 0.00, 0.00, 'paid'),
  (15, 15, 15, 'VCH-015', '2026-06-15', '2026-06-24', 2400.00, 0.00, 0.00, 'paid'),
  (16, 16, 16, 'VCH-016', '2026-06-16', '2026-06-25', 2500.00, 0.00, 0.00, 'paid'),
  (17, 17, 17, 'VCH-017', '2026-06-17', '2026-06-26', 2600.00, 0.00, 0.00, 'paid'),
  (18, 18, 18, 'VCH-018', '2026-06-18', '2026-06-27', 2700.00, 0.00, 0.00, 'paid'),
  (19, 19, 19, 'VCH-019', '2026-06-19', '2026-06-28', 2800.00, 0.00, 0.00, 'paid'),
  (20, 20, 20, 'VCH-020', '2026-06-20', '2026-06-29', 2900.00, 0.00, 0.00, 'paid'),
  (21, 21, 21, 'VCH-021', '2026-06-21', '2026-06-30', 3000.00, 0.00, 0.00, 'paid'),
  (22, 22, 22, 'VCH-022', '2026-06-22', '2026-07-01', 3100.00, 0.00, 0.00, 'paid'),
  (23, 23, 23, 'VCH-023', '2026-06-23', '2026-07-02', 3200.00, 0.00, 0.00, 'paid'),
  (24, 24, 24, 'VCH-024', '2026-06-24', '2026-07-03', 3300.00, 0.00, 0.00, 'paid'),
  (25, 25, 25, 'VCH-025', '2026-06-25', '2026-07-04', 3400.00, 0.00, 0.00, 'paid'),
  (26, 26, 26, 'VCH-026', '2026-06-26', '2026-07-05', 3500.00, 0.00, 0.00, 'paid'),
  (27, 27, 27, 'VCH-027', '2026-06-27', '2026-07-06', 3600.00, 0.00, 0.00, 'paid'),
  (28, 28, 28, 'VCH-028', '2026-06-28', '2026-07-07', 3700.00, 0.00, 0.00, 'paid'),
  (29, 29, 29, 'VCH-029', '2026-06-29', '2026-07-08', 3800.00, 0.00, 0.00, 'paid'),
  (30, 30, 30, 'VCH-030', '2026-06-30', '2026-07-09', 3900.00, 0.00, 0.00, 'paid'),
  (31, 31, 31, 'VCH-031', '2026-07-01', '2026-07-10', 4000.00, 0.00, 0.00, 'paid'),
  (32, 32, 32, 'VCH-032', '2026-07-02', '2026-07-11', 4100.00, 0.00, 0.00, 'paid'),
  (33, 33, 33, 'VCH-033', '2026-07-03', '2026-07-12', 4200.00, 0.00, 0.00, 'paid'),
  (34, 34, 34, 'VCH-034', '2026-07-04', '2026-07-13', 4300.00, 0.00, 0.00, 'paid'),
  (35, 35, 35, 'VCH-035', '2026-07-05', '2026-07-14', 4400.00, 0.00, 0.00, 'paid'),
  (36, 36, 36, 'VCH-036', '2026-07-06', '2026-07-15', 4500.00, 0.00, 0.00, 'paid'),
  (37, 37, 37, 'VCH-037', '2026-07-07', '2026-07-16', 4600.00, 0.00, 0.00, 'paid'),
  (38, 38, 38, 'VCH-038', '2026-07-08', '2026-07-17', 4700.00, 0.00, 0.00, 'paid'),
  (39, 39, 39, 'VCH-039', '2026-07-09', '2026-07-18', 4800.00, 0.00, 0.00, 'paid'),
  (40, 40, 40, 'VCH-040', '2026-07-10', '2026-07-19', 4900.00, 0.00, 0.00, 'paid');

INSERT INTO payments (id, voucher_id, amount_paid, payment_method, transaction_reference, payment_date, remarks)
VALUES
  (1, 1, 1000.00, 'cash', 'PAY-001', '2026-06-05', 'Paid cash'),
  (2, 2, 1100.00, 'card', 'PAY-002', '2026-06-06', 'Paid by card'),
  (3, 3, 1200.00, 'bank_transfer', 'PAY-003', '2026-06-07', 'Paid by bank transfer'),
  (4, 4, 1300.00, 'cash', 'PAY-004', '2026-06-08', 'Paid cash'),
  (5, 5, 1400.00, 'card', 'PAY-005', '2026-06-09', 'Paid by card'),
  (6, 6, 1500.00, 'bank_transfer', 'PAY-006', '2026-06-10', 'Paid by bank transfer'),
  (7, 7, 1600.00, 'cash', 'PAY-007', '2026-06-11', 'Paid cash'),
  (8, 8, 1700.00, 'card', 'PAY-008', '2026-06-12', 'Paid by card'),
  (9, 9, 1800.00, 'bank_transfer', 'PAY-009', '2026-06-13', 'Paid by bank transfer'),
  (10, 10, 1900.00, 'cash', 'PAY-010', '2026-06-14', 'Paid cash'),
  (11, 11, 2000.00, 'card', 'PAY-011', '2026-06-15', 'Paid by card'),
  (12, 12, 2100.00, 'bank_transfer', 'PAY-012', '2026-06-16', 'Paid by bank transfer'),
  (13, 13, 2200.00, 'cash', 'PAY-013', '2026-06-17', 'Paid cash'),
  (14, 14, 2300.00, 'card', 'PAY-014', '2026-06-18', 'Paid by card'),
  (15, 15, 2400.00, 'bank_transfer', 'PAY-015', '2026-06-19', 'Paid by bank transfer'),
  (16, 16, 2500.00, 'cash', 'PAY-016', '2026-06-20', 'Paid cash'),
  (17, 17, 2600.00, 'card', 'PAY-017', '2026-06-21', 'Paid by card'),
  (18, 18, 2700.00, 'bank_transfer', 'PAY-018', '2026-06-22', 'Paid by bank transfer'),
  (19, 19, 2800.00, 'cash', 'PAY-019', '2026-06-23', 'Paid cash'),
  (20, 20, 2900.00, 'card', 'PAY-020', '2026-06-24', 'Paid by card'),
  (21, 21, 3000.00, 'bank_transfer', 'PAY-021', '2026-06-25', 'Paid by bank transfer'),
  (22, 22, 3100.00, 'cash', 'PAY-022', '2026-06-26', 'Paid cash'),
  (23, 23, 3200.00, 'card', 'PAY-023', '2026-06-27', 'Paid by card'),
  (24, 24, 3300.00, 'bank_transfer', 'PAY-024', '2026-06-28', 'Paid by bank transfer'),
  (25, 25, 3400.00, 'cash', 'PAY-025', '2026-06-29', 'Paid cash'),
  (26, 26, 3500.00, 'card', 'PAY-026', '2026-06-30', 'Paid by card'),
  (27, 27, 3600.00, 'bank_transfer', 'PAY-027', '2026-07-01', 'Paid by bank transfer'),
  (28, 28, 3700.00, 'cash', 'PAY-028', '2026-07-02', 'Paid cash'),
  (29, 29, 3800.00, 'card', 'PAY-029', '2026-07-03', 'Paid by card'),
  (30, 30, 3900.00, 'bank_transfer', 'PAY-030', '2026-07-04', 'Paid by bank transfer'),
  (31, 31, 4000.00, 'cash', 'PAY-031', '2026-07-05', 'Paid cash'),
  (32, 32, 4100.00, 'card', 'PAY-032', '2026-07-06', 'Paid by card'),
  (33, 33, 4200.00, 'bank_transfer', 'PAY-033', '2026-07-07', 'Paid by bank transfer'),
  (34, 34, 4300.00, 'cash', 'PAY-034', '2026-07-08', 'Paid cash'),
  (35, 35, 4400.00, 'card', 'PAY-035', '2026-07-09', 'Paid by card'),
  (36, 36, 4500.00, 'bank_transfer', 'PAY-036', '2026-07-10', 'Paid by bank transfer'),
  (37, 37, 4600.00, 'cash', 'PAY-037', '2026-07-11', 'Paid cash'),
  (38, 38, 4700.00, 'card', 'PAY-038', '2026-07-12', 'Paid by card'),
  (39, 39, 4800.00, 'bank_transfer', 'PAY-039', '2026-07-13', 'Paid by bank transfer'),
  (40, 40, 4900.00, 'cash', 'PAY-040', '2026-07-14', 'Paid cash');

INSERT INTO notifications (id, user_id, title, message, type, is_read, sent_at)
VALUES
  (1, 1, 'Welcome', 'Welcome to the LMS.', 'system', false, '2026-06-01 08:00:00'),
  (2, 2, 'Update', 'Your profile has been updated.', 'system', false, '2026-06-02 08:10:00'),
  (3, 3, 'Reminder', 'Submit your assignment today.', 'assignment', false, '2026-06-03 08:20:00'),
  (4, 4, 'Alert', 'New announcement published.', 'announcement', false, '2026-06-04 08:30:00'),
  (5, 5, 'Exam', 'Exam timetable published.', 'exam', false, '2026-06-05 08:40:00'),
  (6, 6, 'Fee', 'Fee voucher generated.', 'fee', false, '2026-06-06 08:50:00'),
  (7, 7, 'Attendance', 'Attendance submitted.', 'attendance', false, '2026-06-07 09:00:00'),
  (8, 8, 'Live Class', 'Live class scheduled.', 'live_class', false, '2026-06-08 09:10:00'),
  (9, 9, 'Quiz', 'Quiz is now available.', 'quiz', false, '2026-06-09 09:20:00'),
  (10, 10, 'Result', 'Results published.', 'result', false, '2026-06-10 09:30:00'),
  (11, 11, 'Message', 'New message from admin.', 'message', false, '2026-06-11 09:40:00'),
  (12, 12, 'Notice', 'School will close early.', 'notice', false, '2026-06-12 09:50:00'),
  (13, 13, 'Reminder', 'Assignment due tomorrow.', 'assignment', false, '2026-06-13 10:00:00'),
  (14, 14, 'Alert', 'System maintenance planned.', 'system', false, '2026-06-14 10:10:00'),
  (15, 15, 'Fee', 'Payment received.', 'payment', false, '2026-06-15 10:20:00'),
  (16, 16, 'Announcement', 'New course added.', 'announcement', false, '2026-06-16 10:30:00'),
  (17, 17, 'Event', 'Sports day announced.', 'event', false, '2026-06-17 10:40:00'),
  (18, 18, 'Reminder', 'Exam starts next week.', 'exam', false, '2026-06-18 10:50:00'),
  (19, 19, 'Alert', 'Important notice for students.', 'notice', false, '2026-06-19 11:00:00'),
  (20, 20, 'Live Class', 'Live class starting soon.', 'live_class', false, '2026-06-20 11:10:00'),
  (21, 21, 'Update', 'Profile completed.', 'profile', false, '2026-06-21 11:20:00'),
  (22, 22, 'Notice', 'Holiday tomorrow.', 'notice', false, '2026-06-22 11:30:00'),
  (23, 23, 'Quiz', 'Quiz results available.', 'quiz', false, '2026-06-23 11:40:00'),
  (24, 24, 'Message', 'New message received.', 'message', false, '2026-06-24 11:50:00'),
  (25, 25, 'Alert', 'Meeting scheduled.', 'meeting', false, '2026-06-25 12:00:00'),
  (26, 26, 'Reminder', 'Submit attendance sheet.', 'attendance', false, '2026-06-26 12:10:00'),
  (27, 27, 'Exam', 'Exam hall assigned.', 'exam', false, '2026-06-27 12:20:00'),
  (28, 28, 'Fee', 'Fee reminder.', 'fee', false, '2026-06-28 12:30:00'),
  (29, 29, 'Announcement', 'New academic year starts.', 'announcement', false, '2026-06-29 12:40:00'),
  (30, 30, 'Event', 'Cultural event scheduled.', 'event', false, '2026-06-30 12:50:00'),
  (31, 31, 'Reminder', 'Document upload due.', 'document', false, '2026-07-01 13:00:00'),
  (32, 32, 'Update', 'Class schedule updated.', 'class', false, '2026-07-02 13:10:00'),
  (33, 33, 'Alert', 'New teacher assigned.', 'teacher', false, '2026-07-03 13:20:00'),
  (34, 34, 'Notice', 'Library hours changed.', 'library', false, '2026-07-04 13:30:00'),
  (35, 35, 'Message', 'Parent-teacher meeting.', 'meeting', false, '2026-07-05 13:40:00'),
  (36, 36, 'Exam', 'Test schedule posted.', 'exam', false, '2026-07-06 13:50:00'),
  (37, 37, 'Live Class', 'Live session available.', 'live_class', false, '2026-07-07 14:00:00'),
  (38, 38, 'Reminder', 'Finish homework.', 'homework', false, '2026-07-08 14:10:00'),
  (39, 39, 'Update', 'New course material.', 'course', false, '2026-07-09 14:20:00'),
  (40, 40, 'Notice', 'Library open weekend.', 'library', false, '2026-07-10 14:30:00');

INSERT INTO announcements (id, created_by, title, description, audience_type, publish_date, expiry_date)
VALUES
  (1, 1, 'Welcome Back', 'Welcome to the new academic year.', 'all', '2026-04-01 08:00:00', '2026-04-30 23:59:00'),
  (2, 2, 'Exam Strategy', 'Review exam strategy tips.', 'students', '2026-05-01 09:00:00', '2026-05-31 23:59:00'),
  (3, 3, 'Fee Reminder', 'Fee payment due soon.', 'parents', '2026-06-01 10:00:00', '2026-06-30 23:59:00'),
  (4, 4, 'Sports Day', 'Sports day will be next month.', 'all', '2026-06-15 11:00:00', '2026-07-15 23:59:00'),
  (5, 5, 'Library Hours', 'New library hours available.', 'students', '2026-06-20 12:00:00', '2026-07-20 23:59:00'),
  (6, 6, 'Holiday Notice', 'School closed Friday.', 'all', '2026-07-01 08:00:00', '2026-07-02 23:59:00'),
  (7, 7, 'Parent Meeting', 'Parent meeting scheduled.', 'parents', '2026-07-05 09:00:00', '2026-07-05 18:00:00'),
  (8, 8, 'New Courses', 'New elective courses available.', 'students', '2026-07-10 10:00:00', '2026-08-10 23:59:00'),
  (9, 9, 'Safety Drill', 'Fire drill planned.', 'all', '2026-07-15 11:00:00', '2026-07-15 18:00:00'),
  (10, 10, 'Workshops', 'Science workshops offered.', 'students', '2026-07-20 12:00:00', '2026-08-20 23:59:00'),
  (11, 11, 'Open Day', 'School open day event.', 'all', '2026-07-25 09:00:00', '2026-07-25 17:00:00'),
  (12, 12, 'Transport Changes', 'Bus route changed.', 'parents', '2026-07-28 10:00:00', '2026-08-28 23:59:00'),
  (13, 13, 'Workshop', 'Digital literacy workshop.', 'students', '2026-08-01 11:00:00', '2026-09-01 23:59:00'),
  (14, 14, 'Exam Schedule', 'Midterm exam schedule published.', 'students', '2026-08-05 12:00:00', '2026-08-31 23:59:00'),
  (15, 15, 'Cultural Event', 'Cultural fest this month.', 'all', '2026-08-10 13:00:00', '2026-09-10 23:59:00'),
  (16, 16, 'Health Check', 'Health screening available.', 'students', '2026-08-15 14:00:00', '2026-09-15 23:59:00'),
  (17, 17, 'Career Talk', 'Career counseling session.', 'students', '2026-08-20 15:00:00', '2026-09-20 23:59:00'),
  (18, 18, 'Exam Tips', 'Tips for exam preparation.', 'students', '2026-08-25 16:00:00', '2026-09-25 23:59:00'),
  (19, 19, 'Volunteer Drive', 'Looking for parent volunteers.', 'parents', '2026-08-30 17:00:00', '2026-09-30 23:59:00'),
  (20, 20, 'Feedback', 'Share your feedback.', 'all', '2026-09-01 08:00:00', '2026-09-30 23:59:00'),
  (21, 21, 'Library Opening', 'Library reopens with new books.', 'students', '2026-09-05 09:00:00', '2026-10-05 23:59:00'),
  (22, 22, 'Sports Tryouts', 'Tryouts for teams.', 'students', '2026-09-10 10:00:00', '2026-10-10 23:59:00'),
  (23, 23, 'Art Exhibition', 'Student art show.', 'all', '2026-09-15 11:00:00', '2026-10-15 23:59:00'),
  (24, 24, 'IT Maintenance', 'System maintenance scheduled.', 'all', '2026-09-20 12:00:00', '2026-09-20 18:00:00'),
  (25, 25, 'Club Fair', 'Join school clubs.', 'students', '2026-09-25 13:00:00', '2026-10-25 23:59:00'),
  (26, 26, 'Exam Results', 'Results to be published soon.', 'students', '2026-09-30 14:00:00', '2026-10-30 23:59:00'),
  (27, 27, 'Parent Workshop', 'Workshop for parents.', 'parents', '2026-10-05 15:00:00', '2026-11-05 23:59:00'),
  (28, 28, 'Study Tips', 'Study tips for students.', 'students', '2026-10-10 16:00:00', '2026-11-10 23:59:00'),
  (29, 29, 'Campus Tour', 'Guided campus tour.', 'all', '2026-10-15 17:00:00', '2026-11-15 23:59:00'),
  (30, 30, 'Resource Update', 'New digital resources available.', 'students', '2026-10-20 18:00:00', '2026-11-20 23:59:00'),
  (31, 31, 'Exam Prep', 'Exam preparation class.', 'students', '2026-10-25 08:00:00', '2026-11-25 23:59:00'),
  (32, 32, 'Safety Alert', 'Safety guidelines updated.', 'all', '2026-10-30 09:00:00', '2026-11-30 23:59:00'),
  (33, 33, 'Career Fair', 'Career fair event.', 'students', '2026-11-04 10:00:00', '2026-12-04 23:59:00'),
  (34, 34, 'Band Practice', 'Band practice schedule.', 'students', '2026-11-09 11:00:00', '2026-12-09 23:59:00'),
  (35, 35, 'Volunteer Program', 'Volunteer program details.', 'parents', '2026-11-14 12:00:00', '2026-12-14 23:59:00'),
  (36, 36, 'Winter Break', 'Winter break dates.', 'all', '2026-11-19 13:00:00', '2026-12-19 23:59:00'),
  (37, 37, 'Scholarship Info', 'Scholarship applications open.', 'students', '2026-11-24 14:00:00', '2026-12-24 23:59:00'),
  (38, 38, 'Guest Lecture', 'Guest lecture this week.', 'students', '2026-11-29 15:00:00', '2026-12-29 23:59:00'),
  (39, 39, 'Library Drive', 'Donate books to library.', 'all', '2026-12-04 16:00:00', '2027-01-04 23:59:00'),
  (40, 40, 'Year End', 'Year end activities announced.', 'all', '2026-12-09 17:00:00', '2027-01-09 23:59:00');

INSERT INTO zoom_settings (id, account_email, client_id, client_secret, webhook_secret)
VALUES
  (1, 'zoom1@school.test', 'client-1', 'secret-1', 'webhook-1'),
  (2, 'zoom2@school.test', 'client-2', 'secret-2', 'webhook-2'),
  (3, 'zoom3@school.test', 'client-3', 'secret-3', 'webhook-3'),
  (4, 'zoom4@school.test', 'client-4', 'secret-4', 'webhook-4'),
  (5, 'zoom5@school.test', 'client-5', 'secret-5', 'webhook-5'),
  (6, 'zoom6@school.test', 'client-6', 'secret-6', 'webhook-6'),
  (7, 'zoom7@school.test', 'client-7', 'secret-7', 'webhook-7'),
  (8, 'zoom8@school.test', 'client-8', 'secret-8', 'webhook-8'),
  (9, 'zoom9@school.test', 'client-9', 'secret-9', 'webhook-9'),
  (10, 'zoom10@school.test', 'client-10', 'secret-10', 'webhook-10'),
  (11, 'zoom11@school.test', 'client-11', 'secret-11', 'webhook-11'),
  (12, 'zoom12@school.test', 'client-12', 'secret-12', 'webhook-12'),
  (13, 'zoom13@school.test', 'client-13', 'secret-13', 'webhook-13'),
  (14, 'zoom14@school.test', 'client-14', 'secret-14', 'webhook-14'),
  (15, 'zoom15@school.test', 'client-15', 'secret-15', 'webhook-15'),
  (16, 'zoom16@school.test', 'client-16', 'secret-16', 'webhook-16'),
  (17, 'zoom17@school.test', 'client-17', 'secret-17', 'webhook-17'),
  (18, 'zoom18@school.test', 'client-18', 'secret-18', 'webhook-18'),
  (19, 'zoom19@school.test', 'client-19', 'secret-19', 'webhook-19'),
  (20, 'zoom20@school.test', 'client-20', 'secret-20', 'webhook-20'),
  (21, 'zoom21@school.test', 'client-21', 'secret-21', 'webhook-21'),
  (22, 'zoom22@school.test', 'client-22', 'secret-22', 'webhook-22'),
  (23, 'zoom23@school.test', 'client-23', 'secret-23', 'webhook-23'),
  (24, 'zoom24@school.test', 'client-24', 'secret-24', 'webhook-24'),
  (25, 'zoom25@school.test', 'client-25', 'secret-25', 'webhook-25'),
  (26, 'zoom26@school.test', 'client-26', 'secret-26', 'webhook-26'),
  (27, 'zoom27@school.test', 'client-27', 'secret-27', 'webhook-27'),
  (28, 'zoom28@school.test', 'client-28', 'secret-28', 'webhook-28'),
  (29, 'zoom29@school.test', 'client-29', 'secret-29', 'webhook-29'),
  (30, 'zoom30@school.test', 'client-30', 'secret-30', 'webhook-30'),
  (31, 'zoom31@school.test', 'client-31', 'secret-31', 'webhook-31'),
  (32, 'zoom32@school.test', 'client-32', 'secret-32', 'webhook-32'),
  (33, 'zoom33@school.test', 'client-33', 'secret-33', 'webhook-33'),
  (34, 'zoom34@school.test', 'client-34', 'secret-34', 'webhook-34'),
  (35, 'zoom35@school.test', 'client-35', 'secret-35', 'webhook-35'),
  (36, 'zoom36@school.test', 'client-36', 'secret-36', 'webhook-36'),
  (37, 'zoom37@school.test', 'client-37', 'secret-37', 'webhook-37'),
  (38, 'zoom38@school.test', 'client-38', 'secret-38', 'webhook-38'),
  (39, 'zoom39@school.test', 'client-39', 'secret-39', 'webhook-39'),
  (40, 'zoom40@school.test', 'client-40', 'secret-40', 'webhook-40');

INSERT INTO audit_logs (id, user_id, module, action, record_id, old_values, new_values, ip_address)
VALUES
  (1, 1, 'seed', 'insert', 'seed-1', NULL, '{"status":"seeded"}', '127.0.0.1'),
  (2, 2, 'seed', 'insert', 'seed-2', NULL, '{"status":"seeded"}', '127.0.0.1'),
  (3, 3, 'seed', 'insert', 'seed-3', NULL, '{"status":"seeded"}', '127.0.0.1'),
  (4, 4, 'seed', 'insert', 'seed-4', NULL, '{"status":"seeded"}', '127.0.0.1'),
  (5, 5, 'seed', 'insert', 'seed-5', NULL, '{"status":"seeded"}', '127.0.0.1'),
  (6, 6, 'seed', 'insert', 'seed-6', NULL, '{"status":"seeded"}', '127.0.0.1'),
  (7, 7, 'seed', 'insert', 'seed-7', NULL, '{"status":"seeded"}', '127.0.0.1'),
  (8, 8, 'seed', 'insert', 'seed-8', NULL, '{"status":"seeded"}', '127.0.0.1'),
  (9, 9, 'seed', 'insert', 'seed-9', NULL, '{"status":"seeded"}', '127.0.0.1'),
  (10, 10, 'seed', 'insert', 'seed-10', NULL, '{"status":"seeded"}', '127.0.0.1'),
  (11, 11, 'seed', 'insert', 'seed-11', NULL, '{"status":"seeded"}', '127.0.0.1'),
  (12, 12, 'seed', 'insert', 'seed-12', NULL, '{"status":"seeded"}', '127.0.0.1'),
  (13, 13, 'seed', 'insert', 'seed-13', NULL, '{"status":"seeded"}', '127.0.0.1'),
  (14, 14, 'seed', 'insert', 'seed-14', NULL, '{"status":"seeded"}', '127.0.0.1'),
  (15, 15, 'seed', 'insert', 'seed-15', NULL, '{"status":"seeded"}', '127.0.0.1'),
  (16, 16, 'seed', 'insert', 'seed-16', NULL, '{"status":"seeded"}', '127.0.0.1'),
  (17, 17, 'seed', 'insert', 'seed-17', NULL, '{"status":"seeded"}', '127.0.0.1'),
  (18, 18, 'seed', 'insert', 'seed-18', NULL, '{"status":"seeded"}', '127.0.0.1'),
  (19, 19, 'seed', 'insert', 'seed-19', NULL, '{"status":"seeded"}', '127.0.0.1'),
  (20, 20, 'seed', 'insert', 'seed-20', NULL, '{"status":"seeded"}', '127.0.0.1'),
  (21, 21, 'seed', 'insert', 'seed-21', NULL, '{"status":"seeded"}', '127.0.0.1'),
  (22, 22, 'seed', 'insert', 'seed-22', NULL, '{"status":"seeded"}', '127.0.0.1'),
  (23, 23, 'seed', 'insert', 'seed-23', NULL, '{"status":"seeded"}', '127.0.0.1'),
  (24, 24, 'seed', 'insert', 'seed-24', NULL, '{"status":"seeded"}', '127.0.0.1'),
  (25, 25, 'seed', 'insert', 'seed-25', NULL, '{"status":"seeded"}', '127.0.0.1'),
  (26, 26, 'seed', 'insert', 'seed-26', NULL, '{"status":"seeded"}', '127.0.0.1'),
  (27, 27, 'seed', 'insert', 'seed-27', NULL, '{"status":"seeded"}', '127.0.0.1'),
  (28, 28, 'seed', 'insert', 'seed-28', NULL, '{"status":"seeded"}', '127.0.0.1'),
  (29, 29, 'seed', 'insert', 'seed-29', NULL, '{"status":"seeded"}', '127.0.0.1'),
  (30, 30, 'seed', 'insert', 'seed-30', NULL, '{"status":"seeded"}', '127.0.0.1'),
  (31, 31, 'seed', 'insert', 'seed-31', NULL, '{"status":"seeded"}', '127.0.0.1'),
  (32, 32, 'seed', 'insert', 'seed-32', NULL, '{"status":"seeded"}', '127.0.0.1'),
  (33, 33, 'seed', 'insert', 'seed-33', NULL, '{"status":"seeded"}', '127.0.0.1'),
  (34, 34, 'seed', 'insert', 'seed-34', NULL, '{"status":"seeded"}', '127.0.0.1'),
  (35, 35, 'seed', 'insert', 'seed-35', NULL, '{"status":"seeded"}', '127.0.0.1'),
  (36, 36, 'seed', 'insert', 'seed-36', NULL, '{"status":"seeded"}', '127.0.0.1'),
  (37, 37, 'seed', 'insert', 'seed-37', NULL, '{"status":"seeded"}', '127.0.0.1'),
  (38, 38, 'seed', 'insert', 'seed-38', NULL, '{"status":"seeded"}', '127.0.0.1'),
  (39, 39, 'seed', 'insert', 'seed-39', NULL, '{"status":"seeded"}', '127.0.0.1'),
  (40, 40, 'seed', 'insert', 'seed-40', NULL, '{"status":"seeded"}', '127.0.0.1');

SET FOREIGN_KEY_CHECKS = 1;

